COU,Country,VAR,Variable,YEA,Year,Unit Code,Unit,PowerCode Code,PowerCode,Reference Period Code,Reference Period,Value,Flag Codes,Flags
AUS,Australia,LANDF_SHARE,% Landfill,2003,2003,PC,Percentage,0,Units,,,69.662,,
AUS,Australia,LANDF_SHARE,% Landfill,2007,2007,PC,Percentage,0,Units,,,58.583,,
AUS,Australia,LANDF_SHARE,% Landfill,2008,2008,PC,Percentage,0,Units,,,58.056,,
AUS,Australia,LANDF_SHARE,% Landfill,2009,2009,PC,Percentage,0,Units,,,56.262,,
AUS,Australia,LANDF_SHARE,% Landfill,2010,2010,PC,Percentage,0,Units,,,55.593,,
AUS,Australia,LANDF_SHARE,% Landfill,2011,2011,PC,Percentage,0,Units,,,52.839,,
AUS,Australia,LANDF_SHARE,% Landfill,2012,2012,PC,Percentage,0,Units,,,52.223,,
AUS,Australia,LANDF_SHARE,% Landfill,2013,2013,PC,Percentage,0,Units,,,51.028,,
AUS,Australia,LANDF_SHARE,% Landfill,2014,2014,PC,Percentage,0,Units,,,49.709,,
AUS,Australia,LANDF_SHARE,% Landfill,2015,2015,PC,Percentage,0,Units,,,49.322,,
AUS,Australia,LANDF_SHARE,% Landfill,2016,2016,PC,Percentage,0,Units,,,52.159,,
AUS,Australia,LANDF_SHARE,% Landfill,2017,2017,PC,Percentage,0,Units,,,56.622,,
AUS,Australia,LANDF_SHARE,% Landfill,2018,2018,PC,Percentage,0,Units,,,55.451,,
AUS,Australia,LANDF_SHARE,% Landfill,2019,2019,PC,Percentage,0,Units,,,55.032,,
AUT,Austria,LANDF_SHARE,% Landfill,1990,1990,PC,Percentage,0,Units,,,56.277,,
AUT,Austria,LANDF_SHARE,% Landfill,1991,1991,PC,Percentage,0,Units,,,57.617,,
AUT,Austria,LANDF_SHARE,% Landfill,1992,1992,PC,Percentage,0,Units,,,52.958,,
AUT,Austria,LANDF_SHARE,% Landfill,1993,1993,PC,Percentage,0,Units,,,47.474,,
AUT,Austria,LANDF_SHARE,% Landfill,1994,1994,PC,Percentage,0,Units,,,42.08,,
AUT,Austria,LANDF_SHARE,% Landfill,1995,1995,PC,Percentage,0,Units,,,42.399,,
AUT,Austria,LANDF_SHARE,% Landfill,1996,1996,PC,Percentage,0,Units,,,32.917,,
AUT,Austria,LANDF_SHARE,% Landfill,1997,1997,PC,Percentage,0,Units,,,32.235,,
AUT,Austria,LANDF_SHARE,% Landfill,1998,1998,PC,Percentage,0,Units,,,31.715,,
AUT,Austria,LANDF_SHARE,% Landfill,1999,1999,PC,Percentage,0,Units,,,31.791,,
AUT,Austria,LANDF_SHARE,% Landfill,2000,2000,PC,Percentage,0,Units,,,31.012,,
AUT,Austria,LANDF_SHARE,% Landfill,2001,2001,PC,Percentage,0,Units,,,30.39,,
AUT,Austria,LANDF_SHARE,% Landfill,2002,2002,PC,Percentage,0,Units,,,29.382,,
AUT,Austria,LANDF_SHARE,% Landfill,2003,2003,PC,Percentage,0,Units,,,28.092,,
AUT,Austria,LANDF_SHARE,% Landfill,2004,2004,PC,Percentage,0,Units,,,12.043,,
AUT,Austria,LANDF_SHARE,% Landfill,2005,2005,PC,Percentage,0,Units,,,11.623,,
AUT,Austria,LANDF_SHARE,% Landfill,2006,2006,PC,Percentage,0,Units,,,10.029,,
AUT,Austria,LANDF_SHARE,% Landfill,2007,2007,PC,Percentage,0,Units,,,8.791,,
AUT,Austria,LANDF_SHARE,% Landfill,2008,2008,PC,Percentage,0,Units,,,7.632,,
AUT,Austria,LANDF_SHARE,% Landfill,2009,2009,PC,Percentage,0,Units,,,6.31,,
AUT,Austria,LANDF_SHARE,% Landfill,2010,2010,PC,Percentage,0,Units,,,3.346,,
AUT,Austria,LANDF_SHARE,% Landfill,2011,2011,PC,Percentage,0,Units,,,4.964,,
AUT,Austria,LANDF_SHARE,% Landfill,2012,2012,PC,Percentage,0,Units,,,4.394,,
AUT,Austria,LANDF_SHARE,% Landfill,2013,2013,PC,Percentage,0,Units,,,4.195,,
AUT,Austria,LANDF_SHARE,% Landfill,2014,2014,PC,Percentage,0,Units,,,4.153,,
AUT,Austria,LANDF_SHARE,% Landfill,2015,2015,PC,Percentage,0,Units,,,3.037,,
AUT,Austria,LANDF_SHARE,% Landfill,2016,2016,PC,Percentage,0,Units,,,2.74,,
AUT,Austria,LANDF_SHARE,% Landfill,2017,2017,PC,Percentage,0,Units,,,2.081,,
AUT,Austria,LANDF_SHARE,% Landfill,2018,2018,PC,Percentage,0,Units,,,2.24,,
AUT,Austria,LANDF_SHARE,% Landfill,2019,2019,PC,Percentage,0,Units,,,2.051,,
BEL,Belgium,LANDF_SHARE,% Landfill,1990,1990,PC,Percentage,0,Units,,,43.853,,
BEL,Belgium,LANDF_SHARE,% Landfill,1991,1991,PC,Percentage,0,Units,,,46.311,,
BEL,Belgium,LANDF_SHARE,% Landfill,1992,1992,PC,Percentage,0,Units,,,45.399,,
BEL,Belgium,LANDF_SHARE,% Landfill,1993,1993,PC,Percentage,0,Units,,,48.017,,
BEL,Belgium,LANDF_SHARE,% Landfill,1994,1994,PC,Percentage,0,Units,,,46.804,,
BEL,Belgium,LANDF_SHARE,% Landfill,1995,1995,PC,Percentage,0,Units,,,44.307,,
BEL,Belgium,LANDF_SHARE,% Landfill,1996,1996,PC,Percentage,0,Units,,,38.852,,
BEL,Belgium,LANDF_SHARE,% Landfill,1997,1997,PC,Percentage,0,Units,,,26.986,,
BEL,Belgium,LANDF_SHARE,% Landfill,1998,1998,PC,Percentage,0,Units,,,22.315,,
BEL,Belgium,LANDF_SHARE,% Landfill,1999,1999,PC,Percentage,0,Units,,,20.275,,
BEL,Belgium,LANDF_SHARE,% Landfill,2000,2000,PC,Percentage,0,Units,,,18.885,,
BEL,Belgium,LANDF_SHARE,% Landfill,2001,2001,PC,Percentage,0,Units,,,16.063,,
BEL,Belgium,LANDF_SHARE,% Landfill,2002,2002,PC,Percentage,0,Units,,,11.73,,
BEL,Belgium,LANDF_SHARE,% Landfill,2003,2003,PC,Percentage,0,Units,,,10.943,,
BEL,Belgium,LANDF_SHARE,% Landfill,2004,2004,PC,Percentage,0,Units,,,11.579,,
BEL,Belgium,LANDF_SHARE,% Landfill,2005,2005,PC,Percentage,0,Units,,,11.041,,
BEL,Belgium,LANDF_SHARE,% Landfill,2006,2006,PC,Percentage,0,Units,,,9.56,,
BEL,Belgium,LANDF_SHARE,% Landfill,2007,2007,PC,Percentage,0,Units,,,9.144,,
BEL,Belgium,LANDF_SHARE,% Landfill,2008,2008,PC,Percentage,0,Units,,,4.113,,
BEL,Belgium,LANDF_SHARE,% Landfill,2009,2009,PC,Percentage,0,Units,,,3.245,,
BEL,Belgium,LANDF_SHARE,% Landfill,2010,2010,PC,Percentage,0,Units,,,1.679,,
BEL,Belgium,LANDF_SHARE,% Landfill,2011,2011,PC,Percentage,0,Units,,,0.854,,
BEL,Belgium,LANDF_SHARE,% Landfill,2012,2012,PC,Percentage,0,Units,,,0.667,,
BEL,Belgium,LANDF_SHARE,% Landfill,2013,2013,PC,Percentage,0,Units,,,0.876,,
BEL,Belgium,LANDF_SHARE,% Landfill,2014,2014,PC,Percentage,0,Units,,,0.967,,
BEL,Belgium,LANDF_SHARE,% Landfill,2015,2015,PC,Percentage,0,Units,,,0.871,,
BEL,Belgium,LANDF_SHARE,% Landfill,2016,2016,PC,Percentage,0,Units,,,0.803,,
BEL,Belgium,LANDF_SHARE,% Landfill,2017,2017,PC,Percentage,0,Units,,,0.878,,
BEL,Belgium,LANDF_SHARE,% Landfill,2018,2018,PC,Percentage,0,Units,,,0.993,,
BEL,Belgium,LANDF_SHARE,% Landfill,2019,2019,PC,Percentage,0,Units,,,0.926,,
BEL,Belgium,LANDF_SHARE,% Landfill,2020,2020,PC,Percentage,0,Units,,,1.149,,
CAN,Canada,LANDF_SHARE,% Landfill,1996,1996,PC,Percentage,0,Units,,,73.909,,
CAN,Canada,LANDF_SHARE,% Landfill,1998,1998,PC,Percentage,0,Units,,,72.157,,
CAN,Canada,LANDF_SHARE,% Landfill,2000,2000,PC,Percentage,0,Units,,,75.102,,
CAN,Canada,LANDF_SHARE,% Landfill,2002,2002,PC,Percentage,0,Units,,,74.463,,
CAN,Canada,LANDF_SHARE,% Landfill,2004,2004,PC,Percentage,0,Units,,,74.106,,
CAN,Canada,LANDF_SHARE,% Landfill,2006,2006,PC,Percentage,0,Units,,,73.718,,
CAN,Canada,LANDF_SHARE,% Landfill,2008,2008,PC,Percentage,0,Units,,,71.94,,
CAN,Canada,LANDF_SHARE,% Landfill,2010,2010,PC,Percentage,0,Units,,,71.727,,
CAN,Canada,LANDF_SHARE,% Landfill,2012,2012,PC,Percentage,0,Units,,,70.74,,
CAN,Canada,LANDF_SHARE,% Landfill,2014,2014,PC,Percentage,0,Units,,,69.525,,
CAN,Canada,LANDF_SHARE,% Landfill,2016,2016,PC,Percentage,0,Units,,,69.248,,
CAN,Canada,LANDF_SHARE,% Landfill,2018,2018,PC,Percentage,0,Units,,,68.765,,
CZE,Czech Republic,LANDF_SHARE,% Landfill,1995,1995,PC,Percentage,0,Units,,,100.0,,
CZE,Czech Republic,LANDF_SHARE,% Landfill,1996,1996,PC,Percentage,0,Units,,,100.0,,
CZE,Czech Republic,LANDF_SHARE,% Landfill,1997,1997,PC,Percentage,0,Units,,,100.0,,
CZE,Czech Republic,LANDF_SHARE,% Landfill,1998,1998,PC,Percentage,0,Units,,,93.427,,
CZE,Czech Republic,LANDF_SHARE,% Landfill,1999,1999,PC,Percentage,0,Units,,,89.454,,
CZE,Czech Republic,LANDF_SHARE,% Landfill,2000,2000,PC,Percentage,0,Units,,,89.231,,
CZE,Czech Republic,LANDF_SHARE,% Landfill,2001,2001,PC,Percentage,0,Units,,,85.205,,
CZE,Czech Republic,LANDF_SHARE,% Landfill,2002,2002,PC,Percentage,0,Units,,,83.115,,
CZE,Czech Republic,LANDF_SHARE,% Landfill,2003,2003,PC,Percentage,0,Units,,,82.788,,
CZE,Czech Republic,LANDF_SHARE,% Landfill,2004,2004,PC,Percentage,0,Units,,,76.711,,
CZE,Czech Republic,LANDF_SHARE,% Landfill,2005,2005,PC,Percentage,0,Units,,,77.515,,
CZE,Czech Republic,LANDF_SHARE,% Landfill,2006,2006,PC,Percentage,0,Units,,,76.838,,
CZE,Czech Republic,LANDF_SHARE,% Landfill,2007,2007,PC,Percentage,0,Units,,,75.266,,
CZE,Czech Republic,LANDF_SHARE,% Landfill,2008,2008,PC,Percentage,0,Units,,,74.635,,
CZE,Czech Republic,LANDF_SHARE,% Landfill,2009,2009,PC,Percentage,0,Units,,,73.032,,
CZE,Czech Republic,LANDF_SHARE,% Landfill,2010,2010,PC,Percentage,0,Units,,,67.845,,
CZE,Czech Republic,LANDF_SHARE,% Landfill,2011,2011,PC,Percentage,0,Units,,,64.759,,
CZE,Czech Republic,LANDF_SHARE,% Landfill,2012,2012,PC,Percentage,0,Units,,,56.544,,
CZE,Czech Republic,LANDF_SHARE,% Landfill,2013,2013,PC,Percentage,0,Units,,,56.226,,
CZE,Czech Republic,LANDF_SHARE,% Landfill,2014,2014,PC,Percentage,0,Units,,,56.032,,
CZE,Czech Republic,LANDF_SHARE,% Landfill,2015,2015,PC,Percentage,0,Units,,,52.6,,
CZE,Czech Republic,LANDF_SHARE,% Landfill,2016,2016,PC,Percentage,0,Units,,,49.988,,
CZE,Czech Republic,LANDF_SHARE,% Landfill,2017,2017,PC,Percentage,0,Units,,,47.573,,
CZE,Czech Republic,LANDF_SHARE,% Landfill,2018,2018,PC,Percentage,0,Units,,,48.325,,
CZE,Czech Republic,LANDF_SHARE,% Landfill,2019,2019,PC,Percentage,0,Units,,,47.939,,
CZE,Czech Republic,LANDF_SHARE,% Landfill,2020,2020,PC,Percentage,0,Units,,,49.391,,
DNK,Denmark,LANDF_SHARE,% Landfill,1993,1993,PC,Percentage,0,Units,,,19.689,,
DNK,Denmark,LANDF_SHARE,% Landfill,1994,1994,PC,Percentage,0,Units,,,18.23,,
DNK,Denmark,LANDF_SHARE,% Landfill,1995,1995,PC,Percentage,0,Units,,,18.459,,
DNK,Denmark,LANDF_SHARE,% Landfill,1996,1996,PC,Percentage,0,Units,,,13.28,,
DNK,Denmark,LANDF_SHARE,% Landfill,1997,1997,PC,Percentage,0,Units,,,11.082,,
DNK,Denmark,LANDF_SHARE,% Landfill,1998,1998,PC,Percentage,0,Units,,,11.366,,
DNK,Denmark,LANDF_SHARE,% Landfill,1999,1999,PC,Percentage,0,Units,,,10.844,,
DNK,Denmark,LANDF_SHARE,% Landfill,2000,2000,PC,Percentage,0,Units,,,10.011,,
DNK,Denmark,LANDF_SHARE,% Landfill,2001,2001,PC,Percentage,0,Units,,,7.133,,
DNK,Denmark,LANDF_SHARE,% Landfill,2002,2002,PC,Percentage,0,Units,,,6.11,,
DNK,Denmark,LANDF_SHARE,% Landfill,2003,2003,PC,Percentage,0,Units,,,5.086,,
DNK,Denmark,LANDF_SHARE,% Landfill,2004,2004,PC,Percentage,0,Units,,,4.498,,
DNK,Denmark,LANDF_SHARE,% Landfill,2005,2005,PC,Percentage,0,Units,,,5.188,,
DNK,Denmark,LANDF_SHARE,% Landfill,2006,2006,PC,Percentage,0,Units,,,5.048,,
DNK,Denmark,LANDF_SHARE,% Landfill,2007,2007,PC,Percentage,0,Units,,,4.73,,
DNK,Denmark,LANDF_SHARE,% Landfill,2008,2008,PC,Percentage,0,Units,,,3.838,,
DNK,Denmark,LANDF_SHARE,% Landfill,2009,2009,PC,Percentage,0,Units,,,3.091,,
DNK,Denmark,LANDF_SHARE,% Landfill,2010,2010,PC,Percentage,0,Units,,,3.091,,
DNK,Denmark,LANDF_SHARE,% Landfill,2011,2011,PC,Percentage,0,Units,,,2.582,,
DNK,Denmark,LANDF_SHARE,% Landfill,2012,2012,PC,Percentage,0,Units,,,2.174,,
DNK,Denmark,LANDF_SHARE,% Landfill,2013,2013,PC,Percentage,0,Units,,,1.709,,
DNK,Denmark,LANDF_SHARE,% Landfill,2014,2014,PC,Percentage,0,Units,,,1.448,,
DNK,Denmark,LANDF_SHARE,% Landfill,2015,2015,PC,Percentage,0,Units,,,1.306,,
DNK,Denmark,LANDF_SHARE,% Landfill,2016,2016,PC,Percentage,0,Units,,,1.177,,
DNK,Denmark,LANDF_SHARE,% Landfill,2017,2017,PC,Percentage,0,Units,,,1.015,,
DNK,Denmark,LANDF_SHARE,% Landfill,2018,2018,PC,Percentage,0,Units,,,1.124,,
DNK,Denmark,LANDF_SHARE,% Landfill,2019,2019,PC,Percentage,0,Units,,,0.918,,
DNK,Denmark,LANDF_SHARE,% Landfill,2020,2020,PC,Percentage,0,Units,,,0.883,,
FIN,Finland,LANDF_SHARE,% Landfill,1994,1994,PC,Percentage,0,Units,,,64.655,,
FIN,Finland,LANDF_SHARE,% Landfill,1995,1995,PC,Percentage,0,Units,,,65.842,,
FIN,Finland,LANDF_SHARE,% Landfill,1996,1996,PC,Percentage,0,Units,,,66.563,,
FIN,Finland,LANDF_SHARE,% Landfill,1997,1997,PC,Percentage,0,Units,,,61.974,,
FIN,Finland,LANDF_SHARE,% Landfill,1998,1998,PC,Percentage,0,Units,,,61.454,,
FIN,Finland,LANDF_SHARE,% Landfill,1999,1999,PC,Percentage,0,Units,,,58.254,,
FIN,Finland,LANDF_SHARE,% Landfill,2000,2000,PC,Percentage,0,Units,,,58.007,,
FIN,Finland,LANDF_SHARE,% Landfill,2001,2001,PC,Percentage,0,Units,,,58.952,,
FIN,Finland,LANDF_SHARE,% Landfill,2002,2002,PC,Percentage,0,Units,,,59.336,,
FIN,Finland,LANDF_SHARE,% Landfill,2003,2003,PC,Percentage,0,Units,,,57.403,,
FIN,Finland,LANDF_SHARE,% Landfill,2004,2004,PC,Percentage,0,Units,,,56.19,,
FIN,Finland,LANDF_SHARE,% Landfill,2005,2005,PC,Percentage,0,Units,,,58.036,,
FIN,Finland,LANDF_SHARE,% Landfill,2006,2006,PC,Percentage,0,Units,,,57.84,,
FIN,Finland,LANDF_SHARE,% Landfill,2007,2007,PC,Percentage,0,Units,,,52.76,,
FIN,Finland,LANDF_SHARE,% Landfill,2008,2008,PC,Percentage,0,Units,,,49.642,,
FIN,Finland,LANDF_SHARE,% Landfill,2009,2009,PC,Percentage,0,Units,,,46.044,,
FIN,Finland,LANDF_SHARE,% Landfill,2010,2010,PC,Percentage,0,Units,,,45.097,,
FIN,Finland,LANDF_SHARE,% Landfill,2011,2011,PC,Percentage,0,Units,,,40.213,,
FIN,Finland,LANDF_SHARE,% Landfill,2012,2012,PC,Percentage,0,Units,,,32.907,,
FIN,Finland,LANDF_SHARE,% Landfill,2013,2013,PC,Percentage,0,Units,,,25.075,,
FIN,Finland,LANDF_SHARE,% Landfill,2014,2014,PC,Percentage,0,Units,,,17.405,,
FIN,Finland,LANDF_SHARE,% Landfill,2015,2015,PC,Percentage,0,Units,,,11.495,,
FIN,Finland,LANDF_SHARE,% Landfill,2016,2016,PC,Percentage,0,Units,,,3.092,,
FIN,Finland,LANDF_SHARE,% Landfill,2017,2017,PC,Percentage,0,Units,,,0.759,,
FIN,Finland,LANDF_SHARE,% Landfill,2018,2018,PC,Percentage,0,Units,,,0.587,,
FIN,Finland,LANDF_SHARE,% Landfill,2019,2019,PC,Percentage,0,Units,,,0.773,,
FIN,Finland,LANDF_SHARE,% Landfill,2020,2020,PC,Percentage,0,Units,,,0.547,,
FRA,France,LANDF_SHARE,% Landfill,1993,1993,PC,Percentage,0,Units,,,49.272,,
FRA,France,LANDF_SHARE,% Landfill,1995,1995,PC,Percentage,0,Units,,,44.838,,
FRA,France,LANDF_SHARE,% Landfill,1996,1996,PC,Percentage,0,Units,,,46.314,,
FRA,France,LANDF_SHARE,% Landfill,1997,1997,PC,Percentage,0,Units,,,45.786,,
FRA,France,LANDF_SHARE,% Landfill,1998,1998,PC,Percentage,0,Units,,,45.276,,
FRA,France,LANDF_SHARE,% Landfill,1999,1999,PC,Percentage,0,Units,,,43.976,,
FRA,France,LANDF_SHARE,% Landfill,2000,2000,PC,Percentage,0,Units,,,42.649,,
FRA,France,LANDF_SHARE,% Landfill,2001,2001,PC,Percentage,0,Units,,,40.739,,
FRA,France,LANDF_SHARE,% Landfill,2002,2002,PC,Percentage,0,Units,,,38.707,,
FRA,France,LANDF_SHARE,% Landfill,2003,2003,PC,Percentage,0,Units,,,38.038,,
FRA,France,LANDF_SHARE,% Landfill,2004,2004,PC,Percentage,0,Units,,,36.269,,
FRA,France,LANDF_SHARE,% Landfill,2005,2005,PC,Percentage,0,Units,,,36.384,,
FRA,France,LANDF_SHARE,% Landfill,2006,2006,PC,Percentage,0,Units,,,35.342,,
FRA,France,LANDF_SHARE,% Landfill,2007,2007,PC,Percentage,0,Units,,,34.335,,
FRA,France,LANDF_SHARE,% Landfill,2008,2008,PC,Percentage,0,Units,,,32.312,,
FRA,France,LANDF_SHARE,% Landfill,2009,2009,PC,Percentage,0,Units,,,30.279,,
FRA,France,LANDF_SHARE,% Landfill,2010,2010,PC,Percentage,0,Units,,,29.12,,
FRA,France,LANDF_SHARE,% Landfill,2011,2011,PC,Percentage,0,Units,,,27.971,,
FRA,France,LANDF_SHARE,% Landfill,2012,2012,PC,Percentage,0,Units,,,26.914,,
FRA,France,LANDF_SHARE,% Landfill,2013,2013,PC,Percentage,0,Units,,,25.837,,
FRA,France,LANDF_SHARE,% Landfill,2014,2014,PC,Percentage,0,Units,,,24.781,,
FRA,France,LANDF_SHARE,% Landfill,2015,2015,PC,Percentage,0,Units,,,23.733,,
FRA,France,LANDF_SHARE,% Landfill,2016,2016,PC,Percentage,0,Units,,,22.39,,
FRA,France,LANDF_SHARE,% Landfill,2017,2017,PC,Percentage,0,Units,,,21.445,,
FRA,France,LANDF_SHARE,% Landfill,2018,2018,PC,Percentage,0,Units,,,20.458,,
FRA,France,LANDF_SHARE,% Landfill,2019,2019,PC,Percentage,0,Units,,,21.971,,
FRA,France,LANDF_SHARE,% Landfill,2020,2020,PC,Percentage,0,Units,,,18.316,,
DEU,Germany,LANDF_SHARE,% Landfill,1993,1993,PC,Percentage,0,Units,,,51.325,,
DEU,Germany,LANDF_SHARE,% Landfill,1995,1995,PC,Percentage,0,Units,,,42.896,,
DEU,Germany,LANDF_SHARE,% Landfill,1996,1996,PC,Percentage,0,Units,,,39.043,,
DEU,Germany,LANDF_SHARE,% Landfill,1997,1997,PC,Percentage,0,Units,,,36.803,,
DEU,Germany,LANDF_SHARE,% Landfill,1998,1998,PC,Percentage,0,Units,,,34.796,,
DEU,Germany,LANDF_SHARE,% Landfill,1999,1999,PC,Percentage,0,Units,,,28.417,,
DEU,Germany,LANDF_SHARE,% Landfill,2000,2000,PC,Percentage,0,Units,,,25.927,,
DEU,Germany,LANDF_SHARE,% Landfill,2001,2001,PC,Percentage,0,Units,,,25.536,,
DEU,Germany,LANDF_SHARE,% Landfill,2002,2002,PC,Percentage,0,Units,,,21.349,,
DEU,Germany,LANDF_SHARE,% Landfill,2003,2003,PC,Percentage,0,Units,,,19.205,,
DEU,Germany,LANDF_SHARE,% Landfill,2004,2004,PC,Percentage,0,Units,,,17.711,,
DEU,Germany,LANDF_SHARE,% Landfill,2005,2005,PC,Percentage,0,Units,,,8.549,,
DEU,Germany,LANDF_SHARE,% Landfill,2006,2006,PC,Percentage,0,Units,,,0.661,,
DEU,Germany,LANDF_SHARE,% Landfill,2007,2007,PC,Percentage,0,Units,,,0.624,,
DEU,Germany,LANDF_SHARE,% Landfill,2008,2008,PC,Percentage,0,Units,,,0.591,,
DEU,Germany,LANDF_SHARE,% Landfill,2009,2009,PC,Percentage,0,Units,,,0.363,,
DEU,Germany,LANDF_SHARE,% Landfill,2010,2010,PC,Percentage,0,Units,,,0.418,,
DEU,Germany,LANDF_SHARE,% Landfill,2011,2011,PC,Percentage,0,Units,,,0.492,,
DEU,Germany,LANDF_SHARE,% Landfill,2012,2012,PC,Percentage,0,Units,,,0.215,,
DEU,Germany,LANDF_SHARE,% Landfill,2013,2013,PC,Percentage,0,Units,,,0.272,,
DEU,Germany,LANDF_SHARE,% Landfill,2014,2014,PC,Percentage,0,Units,,,0.241,,
DEU,Germany,LANDF_SHARE,% Landfill,2015,2015,PC,Percentage,0,Units,,,0.201,,
DEU,Germany,LANDF_SHARE,% Landfill,2016,2016,PC,Percentage,0,Units,,,0.234,,
DEU,Germany,LANDF_SHARE,% Landfill,2017,2017,PC,Percentage,0,Units,,,0.237,,
DEU,Germany,LANDF_SHARE,% Landfill,2018,2018,PC,Percentage,0,Units,,,0.216,,
DEU,Germany,LANDF_SHARE,% Landfill,2019,2019,PC,Percentage,0,Units,,,0.216,,
DEU,Germany,LANDF_SHARE,% Landfill,2020,2020,PC,Percentage,0,Units,,,0.176,,
GRC,Greece,LANDF_SHARE,% Landfill,1990,1990,PC,Percentage,0,Units,,,94.043,,
GRC,Greece,LANDF_SHARE,% Landfill,1992,1992,PC,Percentage,0,Units,,,92.932,,
GRC,Greece,LANDF_SHARE,% Landfill,1995,1995,PC,Percentage,0,Units,,,94.413,,
GRC,Greece,LANDF_SHARE,% Landfill,1996,1996,PC,Percentage,0,Units,,,93.727,,
GRC,Greece,LANDF_SHARE,% Landfill,1997,1997,PC,Percentage,0,Units,,,90.779,,
GRC,Greece,LANDF_SHARE,% Landfill,1998,1998,PC,Percentage,0,Units,,,91.1,,
GRC,Greece,LANDF_SHARE,% Landfill,1999,1999,PC,Percentage,0,Units,,,91.133,,
GRC,Greece,LANDF_SHARE,% Landfill,2000,2000,PC,Percentage,0,Units,,,91.208,,
GRC,Greece,LANDF_SHARE,% Landfill,2001,2001,PC,Percentage,0,Units,,,91.182,,
GRC,Greece,LANDF_SHARE,% Landfill,2002,2002,PC,Percentage,0,Units,,,91.228,,
GRC,Greece,LANDF_SHARE,% Landfill,2003,2003,PC,Percentage,0,Units,,,91.89,,
GRC,Greece,LANDF_SHARE,% Landfill,2004,2004,PC,Percentage,0,Units,,,89.894,,
GRC,Greece,LANDF_SHARE,% Landfill,2005,2005,PC,Percentage,0,Units,,,88.233,,
GRC,Greece,LANDF_SHARE,% Landfill,2006,2006,PC,Percentage,0,Units,,,87.171,,
GRC,Greece,LANDF_SHARE,% Landfill,2007,2007,PC,Percentage,0,Units,,,79.96,,
GRC,Greece,LANDF_SHARE,% Landfill,2008,2008,PC,Percentage,0,Units,,,82.336,,
GRC,Greece,LANDF_SHARE,% Landfill,2009,2009,PC,Percentage,0,Units,,,81.121,,
GRC,Greece,LANDF_SHARE,% Landfill,2010,2010,PC,Percentage,0,Units,,,82.863,,
GRC,Greece,LANDF_SHARE,% Landfill,2011,2011,PC,Percentage,0,Units,,,81.955,,
GRC,Greece,LANDF_SHARE,% Landfill,2012,2012,PC,Percentage,0,Units,,,82.5,,
GRC,Greece,LANDF_SHARE,% Landfill,2013,2013,PC,Percentage,0,Units,,,83.668,,
GRC,Greece,LANDF_SHARE,% Landfill,2014,2014,PC,Percentage,0,Units,,,84.102,,
GRC,Greece,LANDF_SHARE,% Landfill,2015,2015,PC,Percentage,0,Units,,,83.873,,
GRC,Greece,LANDF_SHARE,% Landfill,2016,2016,PC,Percentage,0,Units,,,82.262,,
GRC,Greece,LANDF_SHARE,% Landfill,2017,2017,PC,Percentage,0,Units,,,80.055,,
GRC,Greece,LANDF_SHARE,% Landfill,2018,2018,PC,Percentage,0,Units,,,78.399,,
GRC,Greece,LANDF_SHARE,% Landfill,2019,2019,PC,Percentage,0,Units,,,77.652,,
HUN,Hungary,LANDF_SHARE,% Landfill,1990,1990,PC,Percentage,0,Units,,,92.807,,
HUN,Hungary,LANDF_SHARE,% Landfill,1994,1994,PC,Percentage,0,Units,,,91.866,,
HUN,Hungary,LANDF_SHARE,% Landfill,1995,1995,PC,Percentage,0,Units,,,89.547,,
HUN,Hungary,LANDF_SHARE,% Landfill,1996,1996,PC,Percentage,0,Units,,,90.059,,
HUN,Hungary,LANDF_SHARE,% Landfill,1997,1997,PC,Percentage,0,Units,,,90.536,,
HUN,Hungary,LANDF_SHARE,% Landfill,1998,1998,PC,Percentage,0,Units,,,90.029,,
HUN,Hungary,LANDF_SHARE,% Landfill,1999,1999,PC,Percentage,0,Units,,,90.317,,
HUN,Hungary,LANDF_SHARE,% Landfill,2000,2000,PC,Percentage,0,Units,,,89.87,,
HUN,Hungary,LANDF_SHARE,% Landfill,2001,2001,PC,Percentage,0,Units,,,89.635,,
HUN,Hungary,LANDF_SHARE,% Landfill,2002,2002,PC,Percentage,0,Units,,,90.517,,
HUN,Hungary,LANDF_SHARE,% Landfill,2003,2003,PC,Percentage,0,Units,,,90.669,,
HUN,Hungary,LANDF_SHARE,% Landfill,2004,2004,PC,Percentage,0,Units,,,84.732,,
HUN,Hungary,LANDF_SHARE,% Landfill,2005,2005,PC,Percentage,0,Units,,,83.782,,
HUN,Hungary,LANDF_SHARE,% Landfill,2006,2006,PC,Percentage,0,Units,,,81.182,,
HUN,Hungary,LANDF_SHARE,% Landfill,2007,2007,PC,Percentage,0,Units,,,78.557,,
HUN,Hungary,LANDF_SHARE,% Landfill,2008,2008,PC,Percentage,0,Units,,,75.486,,
HUN,Hungary,LANDF_SHARE,% Landfill,2009,2009,PC,Percentage,0,Units,,,74.977,,
HUN,Hungary,LANDF_SHARE,% Landfill,2010,2010,PC,Percentage,0,Units,,,70.369,,
HUN,Hungary,LANDF_SHARE,% Landfill,2011,2011,PC,Percentage,0,Units,,,67.288,,
HUN,Hungary,LANDF_SHARE,% Landfill,2012,2012,PC,Percentage,0,Units,,,65.421,,
HUN,Hungary,LANDF_SHARE,% Landfill,2013,2013,PC,Percentage,0,Units,,,64.607,,
HUN,Hungary,LANDF_SHARE,% Landfill,2014,2014,PC,Percentage,0,Units,,,58.74,,
HUN,Hungary,LANDF_SHARE,% Landfill,2015,2015,PC,Percentage,0,Units,,,53.666,,
HUN,Hungary,LANDF_SHARE,% Landfill,2016,2016,PC,Percentage,0,Units,,,50.562,,
HUN,Hungary,LANDF_SHARE,% Landfill,2017,2017,PC,Percentage,0,Units,,,48.641,,
HUN,Hungary,LANDF_SHARE,% Landfill,2018,2018,PC,Percentage,0,Units,,,49.413,,
HUN,Hungary,LANDF_SHARE,% Landfill,2019,2019,PC,Percentage,0,Units,,,50.594,,
HUN,Hungary,LANDF_SHARE,% Landfill,2020,2020,PC,Percentage,0,Units,,,49.93,,
ISL,Iceland,LANDF_SHARE,% Landfill,1995,1995,PC,Percentage,0,Units,,,71.667,,
ISL,Iceland,LANDF_SHARE,% Landfill,1996,1996,PC,Percentage,0,Units,,,73.95,,
ISL,Iceland,LANDF_SHARE,% Landfill,1997,1997,PC,Percentage,0,Units,,,76.271,,
ISL,Iceland,LANDF_SHARE,% Landfill,1998,1998,PC,Percentage,0,Units,,,75.41,,
ISL,Iceland,LANDF_SHARE,% Landfill,1999,1999,PC,Percentage,0,Units,,,74.803,,
ISL,Iceland,LANDF_SHARE,% Landfill,2000,2000,PC,Percentage,0,Units,,,72.593,,
ISL,Iceland,LANDF_SHARE,% Landfill,2001,2001,PC,Percentage,0,Units,,,75.758,,
ISL,Iceland,LANDF_SHARE,% Landfill,2002,2002,PC,Percentage,0,Units,,,76.296,,
ISL,Iceland,LANDF_SHARE,% Landfill,2003,2003,PC,Percentage,0,Units,,,74.468,,
ISL,Iceland,LANDF_SHARE,% Landfill,2004,2004,PC,Percentage,0,Units,,,73.611,,
ISL,Iceland,LANDF_SHARE,% Landfill,2005,2005,PC,Percentage,0,Units,,,89.256,,
ISL,Iceland,LANDF_SHARE,% Landfill,2006,2006,PC,Percentage,0,Units,,,90.0,,
ISL,Iceland,LANDF_SHARE,% Landfill,2007,2007,PC,Percentage,0,Units,,,87.313,,
ISL,Iceland,LANDF_SHARE,% Landfill,2008,2008,PC,Percentage,0,Units,,,74.519,,
ISL,Iceland,LANDF_SHARE,% Landfill,2009,2009,PC,Percentage,0,Units,,,71.212,,
ISL,Iceland,LANDF_SHARE,% Landfill,2010,2010,PC,Percentage,0,Units,,,71.429,,
ISL,Iceland,LANDF_SHARE,% Landfill,2011,2011,PC,Percentage,0,Units,,,68.354,,
ISL,Iceland,LANDF_SHARE,% Landfill,2012,2012,PC,Percentage,0,Units,,,66.667,,
ISL,Iceland,LANDF_SHARE,% Landfill,2013,2013,PC,Percentage,0,Units,,,66.265,,
ISL,Iceland,LANDF_SHARE,% Landfill,2014,2014,PC,Percentage,0,Units,,,66.286,,
ISL,Iceland,LANDF_SHARE,% Landfill,2015,2015,PC,Percentage,0,Units,,,58.098,,
ISL,Iceland,LANDF_SHARE,% Landfill,2016,2016,PC,Percentage,0,Units,,,57.268,,
ISL,Iceland,LANDF_SHARE,% Landfill,2017,2017,PC,Percentage,0,Units,,,63.355,,
ISL,Iceland,LANDF_SHARE,% Landfill,2018,2018,PC,Percentage,0,Units,,,59.636,,
IRL,Ireland,LANDF_SHARE,% Landfill,1995,1995,PC,Percentage,0,Units,,,92.0,,
IRL,Ireland,LANDF_SHARE,% Landfill,1996,1996,PC,Percentage,0,Units,,,92.112,,
IRL,Ireland,LANDF_SHARE,% Landfill,1997,1997,PC,Percentage,0,Units,,,91.448,,
IRL,Ireland,LANDF_SHARE,% Landfill,1998,1998,PC,Percentage,0,Units,,,91.365,,
IRL,Ireland,LANDF_SHARE,% Landfill,1999,1999,PC,Percentage,0,Units,,,90.398,,
IRL,Ireland,LANDF_SHARE,% Landfill,2000,2000,PC,Percentage,0,Units,,,88.536,,
IRL,Ireland,LANDF_SHARE,% Landfill,2001,2001,PC,Percentage,0,Units,,,87.127,,
IRL,Ireland,LANDF_SHARE,% Landfill,2002,2002,PC,Percentage,0,Units,,,79.83,,
IRL,Ireland,LANDF_SHARE,% Landfill,2003,2003,PC,Percentage,0,Units,,,73.4,,
IRL,Ireland,LANDF_SHARE,% Landfill,2004,2004,PC,Percentage,0,Units,,,67.271,,
IRL,Ireland,LANDF_SHARE,% Landfill,2005,2005,PC,Percentage,0,Units,,,65.959,,
IRL,Ireland,LANDF_SHARE,% Landfill,2006,2006,PC,Percentage,0,Units,,,63.903,,
IRL,Ireland,LANDF_SHARE,% Landfill,2007,2007,PC,Percentage,0,Units,,,63.465,,
IRL,Ireland,LANDF_SHARE,% Landfill,2008,2008,PC,Percentage,0,Units,,,62.461,,
IRL,Ireland,LANDF_SHARE,% Landfill,2009,2009,PC,Percentage,0,Units,,,61.016,,
IRL,Ireland,LANDF_SHARE,% Landfill,2010,2010,PC,Percentage,0,Units,,,57.056,,
IRL,Ireland,LANDF_SHARE,% Landfill,2011,2011,PC,Percentage,0,Units,,,52.537,,
IRL,Ireland,LANDF_SHARE,% Landfill,2012,2012,PC,Percentage,0,Units,,,42.124,,
IRL,Ireland,LANDF_SHARE,% Landfill,2013,2013,PC,Percentage,0,Units,,,42.124,,
IRL,Ireland,LANDF_SHARE,% Landfill,2014,2014,PC,Percentage,0,Units,,,20.834,,
IRL,Ireland,LANDF_SHARE,% Landfill,2015,2015,PC,Percentage,0,Units,,,20.834,,
IRL,Ireland,LANDF_SHARE,% Landfill,2016,2016,PC,Percentage,0,Units,,,26.149,,
IRL,Ireland,LANDF_SHARE,% Landfill,2017,2017,PC,Percentage,0,Units,,,22.87,,
IRL,Ireland,LANDF_SHARE,% Landfill,2018,2018,PC,Percentage,0,Units,,,14.59,,
IRL,Ireland,LANDF_SHARE,% Landfill,2019,2019,PC,Percentage,0,Units,,,15.528,,
ITA,Italy,LANDF_SHARE,% Landfill,1995,1995,PC,Percentage,0,Units,,,90.202,,
ITA,Italy,LANDF_SHARE,% Landfill,1996,1996,PC,Percentage,0,Units,,,88.318,,
ITA,Italy,LANDF_SHARE,% Landfill,1997,1997,PC,Percentage,0,Units,,,83.435,,
ITA,Italy,LANDF_SHARE,% Landfill,1998,1998,PC,Percentage,0,Units,,,80.888,,
ITA,Italy,LANDF_SHARE,% Landfill,1999,1999,PC,Percentage,0,Units,,,79.646,,
ITA,Italy,LANDF_SHARE,% Landfill,2000,2000,PC,Percentage,0,Units,,,77.503,,
ITA,Italy,LANDF_SHARE,% Landfill,2001,2001,PC,Percentage,0,Units,,,71.968,,
ITA,Italy,LANDF_SHARE,% Landfill,2002,2002,PC,Percentage,0,Units,,,72.543,,
ITA,Italy,LANDF_SHARE,% Landfill,2003,2003,PC,Percentage,0,Units,,,68.897,,
ITA,Italy,LANDF_SHARE,% Landfill,2004,2004,PC,Percentage,0,Units,,,66.255,,
ITA,Italy,LANDF_SHARE,% Landfill,2005,2005,PC,Percentage,0,Units,,,63.846,,
ITA,Italy,LANDF_SHARE,% Landfill,2006,2006,PC,Percentage,0,Units,,,62.747,,
ITA,Italy,LANDF_SHARE,% Landfill,2007,2007,PC,Percentage,0,Units,,,58.165,,
ITA,Italy,LANDF_SHARE,% Landfill,2008,2008,PC,Percentage,0,Units,,,57.027,,
ITA,Italy,LANDF_SHARE,% Landfill,2009,2009,PC,Percentage,0,Units,,,52.071,,
ITA,Italy,LANDF_SHARE,% Landfill,2010,2010,PC,Percentage,0,Units,,,49.221,,
ITA,Italy,LANDF_SHARE,% Landfill,2011,2011,PC,Percentage,0,Units,,,44.126,,
ITA,Italy,LANDF_SHARE,% Landfill,2012,2012,PC,Percentage,0,Units,,,40.744,,
ITA,Italy,LANDF_SHARE,% Landfill,2013,2013,PC,Percentage,0,Units,,,38.244,,
ITA,Italy,LANDF_SHARE,% Landfill,2014,2014,PC,Percentage,0,Units,,,33.889,,
ITA,Italy,LANDF_SHARE,% Landfill,2015,2015,PC,Percentage,0,Units,,,28.754,,
ITA,Italy,LANDF_SHARE,% Landfill,2016,2016,PC,Percentage,0,Units,,,27.15,,
ITA,Italy,LANDF_SHARE,% Landfill,2017,2017,PC,Percentage,0,Units,,,25.705,,
ITA,Italy,LANDF_SHARE,% Landfill,2018,2018,PC,Percentage,0,Units,,,23.596,,
ITA,Italy,LANDF_SHARE,% Landfill,2019,2019,PC,Percentage,0,Units,,,22.541,,
JPN,Japan,LANDF_SHARE,% Landfill,1990,1990,PC,Percentage,0,Units,,,19.476,,
JPN,Japan,LANDF_SHARE,% Landfill,1991,1991,PC,Percentage,0,Units,,,16.542,,
JPN,Japan,LANDF_SHARE,% Landfill,1992,1992,PC,Percentage,0,Units,,,14.406,,
JPN,Japan,LANDF_SHARE,% Landfill,1993,1993,PC,Percentage,0,Units,,,13.898,,
JPN,Japan,LANDF_SHARE,% Landfill,1994,1994,PC,Percentage,0,Units,,,11.996,,
JPN,Japan,LANDF_SHARE,% Landfill,1995,1995,PC,Percentage,0,Units,,,10.956,,
JPN,Japan,LANDF_SHARE,% Landfill,1996,1996,PC,Percentage,0,Units,,,9.79,,
JPN,Japan,LANDF_SHARE,% Landfill,1997,1997,PC,Percentage,0,Units,,,8.164,,
JPN,Japan,LANDF_SHARE,% Landfill,1998,1998,PC,Percentage,0,Units,,,7.123,,
JPN,Japan,LANDF_SHARE,% Landfill,1999,1999,PC,Percentage,0,Units,,,6.402,,
JPN,Japan,LANDF_SHARE,% Landfill,2000,2000,PC,Percentage,0,Units,,,5.622,,
JPN,Japan,LANDF_SHARE,% Landfill,2001,2001,PC,Percentage,0,Units,,,5.009,,
JPN,Japan,LANDF_SHARE,% Landfill,2002,2002,PC,Percentage,0,Units,,,4.105,,
JPN,Japan,LANDF_SHARE,% Landfill,2003,2003,PC,Percentage,0,Units,,,3.427,,
JPN,Japan,LANDF_SHARE,% Landfill,2004,2004,PC,Percentage,0,Units,,,3.32,,
JPN,Japan,LANDF_SHARE,% Landfill,2005,2005,PC,Percentage,0,Units,,,2.737,,
JPN,Japan,LANDF_SHARE,% Landfill,2006,2006,PC,Percentage,0,Units,,,2.306,,
JPN,Japan,LANDF_SHARE,% Landfill,2007,2007,PC,Percentage,0,Units,,,2.324,,
JPN,Japan,LANDF_SHARE,% Landfill,2008,2008,PC,Percentage,0,Units,,,1.623,,
JPN,Japan,LANDF_SHARE,% Landfill,2009,2009,PC,Percentage,0,Units,,,1.423,,
JPN,Japan,LANDF_SHARE,% Landfill,2010,2010,PC,Percentage,0,Units,,,1.337,,
JPN,Japan,LANDF_SHARE,% Landfill,2011,2011,PC,Percentage,0,Units,,,1.317,,
JPN,Japan,LANDF_SHARE,% Landfill,2012,2012,PC,Percentage,0,Units,,,1.259,,
JPN,Japan,LANDF_SHARE,% Landfill,2013,2013,PC,Percentage,0,Units,,,1.286,,
JPN,Japan,LANDF_SHARE,% Landfill,2014,2014,PC,Percentage,0,Units,,,1.202,,
JPN,Japan,LANDF_SHARE,% Landfill,2015,2015,PC,Percentage,0,Units,,,1.079,,
JPN,Japan,LANDF_SHARE,% Landfill,2016,2016,PC,Percentage,0,Units,,,0.994,,
JPN,Japan,LANDF_SHARE,% Landfill,2017,2017,PC,Percentage,0,Units,,,0.977,,
JPN,Japan,LANDF_SHARE,% Landfill,2018,2018,PC,Percentage,0,Units,,,1.028,,
JPN,Japan,LANDF_SHARE,% Landfill,2019,2019,PC,Percentage,0,Units,,,0.927,,
KOR,Korea,LANDF_SHARE,% Landfill,1990,1990,PC,Percentage,0,Units,,,93.577,,
KOR,Korea,LANDF_SHARE,% Landfill,1991,1991,PC,Percentage,0,Units,,,91.02,,
KOR,Korea,LANDF_SHARE,% Landfill,1992,1992,PC,Percentage,0,Units,,,90.62,,
KOR,Korea,LANDF_SHARE,% Landfill,1993,1993,PC,Percentage,0,Units,,,86.157,,
KOR,Korea,LANDF_SHARE,% Landfill,1994,1994,PC,Percentage,0,Units,,,81.156,,
KOR,Korea,LANDF_SHARE,% Landfill,1995,1995,PC,Percentage,0,Units,,,72.308,,
KOR,Korea,LANDF_SHARE,% Landfill,1996,1996,PC,Percentage,0,Units,,,68.334,,
KOR,Korea,LANDF_SHARE,% Landfill,1997,1997,PC,Percentage,0,Units,,,63.846,,
KOR,Korea,LANDF_SHARE,% Landfill,1998,1998,PC,Percentage,0,Units,,,56.24,,
KOR,Korea,LANDF_SHARE,% Landfill,1999,1999,PC,Percentage,0,Units,,,51.618,,
KOR,Korea,LANDF_SHARE,% Landfill,2000,2000,PC,Percentage,0,Units,,,47.009,,
KOR,Korea,LANDF_SHARE,% Landfill,2001,2001,PC,Percentage,0,Units,,,43.3,,
KOR,Korea,LANDF_SHARE,% Landfill,2002,2002,PC,Percentage,0,Units,,,41.528,,
KOR,Korea,LANDF_SHARE,% Landfill,2003,2003,PC,Percentage,0,Units,,,40.307,,
KOR,Korea,LANDF_SHARE,% Landfill,2004,2004,PC,Percentage,0,Units,,,36.383,,
KOR,Korea,LANDF_SHARE,% Landfill,2005,2005,PC,Percentage,0,Units,,,27.692,,
KOR,Korea,LANDF_SHARE,% Landfill,2008,2008,PC,Percentage,0,Units,,,20.33,,
KOR,Korea,LANDF_SHARE,% Landfill,2009,2009,PC,Percentage,0,Units,,,18.605,,
KOR,Korea,LANDF_SHARE,% Landfill,2010,2010,PC,Percentage,0,Units,,,17.896,,
KOR,Korea,LANDF_SHARE,% Landfill,2011,2011,PC,Percentage,0,Units,,,17.149,,
KOR,Korea,LANDF_SHARE,% Landfill,2012,2012,PC,Percentage,0,Units,,,15.877,,
KOR,Korea,LANDF_SHARE,% Landfill,2013,2013,PC,Percentage,0,Units,,,15.625,,
KOR,Korea,LANDF_SHARE,% Landfill,2014,2014,PC,Percentage,0,Units,,,15.654,,
KOR,Korea,LANDF_SHARE,% Landfill,2015,2015,PC,Percentage,0,Units,,,15.06,,
KOR,Korea,LANDF_SHARE,% Landfill,2016,2016,PC,Percentage,0,Units,,,14.709,,
KOR,Korea,LANDF_SHARE,% Landfill,2017,2017,PC,Percentage,0,Units,,,13.535,,
KOR,Korea,LANDF_SHARE,% Landfill,2018,2018,PC,Percentage,0,Units,,,13.43,,
KOR,Korea,LANDF_SHARE,% Landfill,2019,2019,PC,Percentage,0,Units,,,12.657,,
LUX,Luxembourg,LANDF_SHARE,% Landfill,1995,1995,PC,Percentage,0,Units,,,27.141,,
LUX,Luxembourg,LANDF_SHARE,% Landfill,1996,1996,PC,Percentage,0,Units,,,27.726,,
LUX,Luxembourg,LANDF_SHARE,% Landfill,1997,1997,PC,Percentage,0,Units,,,23.808,,
LUX,Luxembourg,LANDF_SHARE,% Landfill,1998,1998,PC,Percentage,0,Units,,,23.209,,
LUX,Luxembourg,LANDF_SHARE,% Landfill,1999,1999,PC,Percentage,0,Units,,,21.577,,
LUX,Luxembourg,LANDF_SHARE,% Landfill,2000,2000,PC,Percentage,0,Units,,,21.03,,
LUX,Luxembourg,LANDF_SHARE,% Landfill,2001,2001,PC,Percentage,0,Units,,,20.238,,
LUX,Luxembourg,LANDF_SHARE,% Landfill,2002,2002,PC,Percentage,0,Units,,,19.716,,
LUX,Luxembourg,LANDF_SHARE,% Landfill,2003,2003,PC,Percentage,0,Units,,,18.608,,
LUX,Luxembourg,LANDF_SHARE,% Landfill,2004,2004,PC,Percentage,0,Units,,,16.717,,
LUX,Luxembourg,LANDF_SHARE,% Landfill,2005,2005,PC,Percentage,0,Units,,,18.688,,
LUX,Luxembourg,LANDF_SHARE,% Landfill,2006,2006,PC,Percentage,0,Units,,,17.384,,
LUX,Luxembourg,LANDF_SHARE,% Landfill,2007,2007,PC,Percentage,0,Units,,,16.666,,
LUX,Luxembourg,LANDF_SHARE,% Landfill,2008,2008,PC,Percentage,0,Units,,,15.493,,
LUX,Luxembourg,LANDF_SHARE,% Landfill,2009,2009,PC,Percentage,0,Units,,,15.065,,
LUX,Luxembourg,LANDF_SHARE,% Landfill,2010,2010,PC,Percentage,0,Units,,,15.84,,
LUX,Luxembourg,LANDF_SHARE,% Landfill,2011,2011,PC,Percentage,0,Units,,,14.606,,
LUX,Luxembourg,LANDF_SHARE,% Landfill,2012,2012,PC,Percentage,0,Units,,,14.308,,
LUX,Luxembourg,LANDF_SHARE,% Landfill,2013,2013,PC,Percentage,0,Units,,,14.227,,
LUX,Luxembourg,LANDF_SHARE,% Landfill,2014,2014,PC,Percentage,0,Units,,,14.301,,
LUX,Luxembourg,LANDF_SHARE,% Landfill,2015,2015,PC,Percentage,0,Units,,,7.38,,
LUX,Luxembourg,LANDF_SHARE,% Landfill,2016,2016,PC,Percentage,0,Units,,,4.273,,
LUX,Luxembourg,LANDF_SHARE,% Landfill,2017,2017,PC,Percentage,0,Units,,,4.481,,
LUX,Luxembourg,LANDF_SHARE,% Landfill,2018,2018,PC,Percentage,0,Units,,,4.401,,
LUX,Luxembourg,LANDF_SHARE,% Landfill,2019,2019,PC,Percentage,0,Units,,,4.4,,
LUX,Luxembourg,LANDF_SHARE,% Landfill,2020,2020,PC,Percentage,0,Units,,,3.916,,
MEX,Mexico,LANDF_SHARE,% Landfill,1991,1991,PC,Percentage,0,Units,,,99.318,,
MEX,Mexico,LANDF_SHARE,% Landfill,1992,1992,PC,Percentage,0,Units,,,97.644,,
MEX,Mexico,LANDF_SHARE,% Landfill,1993,1993,PC,Percentage,0,Units,,,97.643,,
MEX,Mexico,LANDF_SHARE,% Landfill,1994,1994,PC,Percentage,0,Units,,,97.643,,
MEX,Mexico,LANDF_SHARE,% Landfill,1995,1995,PC,Percentage,0,Units,,,19.509,,
MEX,Mexico,LANDF_SHARE,% Landfill,1996,1996,PC,Percentage,0,Units,,,26.825,,
MEX,Mexico,LANDF_SHARE,% Landfill,1997,1997,PC,Percentage,0,Units,,,35.084,,
MEX,Mexico,LANDF_SHARE,% Landfill,1998,1998,PC,Percentage,0,Units,,,51.97,,
MEX,Mexico,LANDF_SHARE,% Landfill,1999,1999,PC,Percentage,0,Units,,,53.078,,
MEX,Mexico,LANDF_SHARE,% Landfill,2000,2000,PC,Percentage,0,Units,,,47.149,,
MEX,Mexico,LANDF_SHARE,% Landfill,2001,2001,PC,Percentage,0,Units,,,48.439,,
MEX,Mexico,LANDF_SHARE,% Landfill,2002,2002,PC,Percentage,0,Units,,,48.424,,
MEX,Mexico,LANDF_SHARE,% Landfill,2003,2003,PC,Percentage,0,Units,,,52.957,,
MEX,Mexico,LANDF_SHARE,% Landfill,2004,2004,PC,Percentage,0,Units,,,53.712,,
MEX,Mexico,LANDF_SHARE,% Landfill,2005,2005,PC,Percentage,0,Units,,,53.191,,
MEX,Mexico,LANDF_SHARE,% Landfill,2006,2006,PC,Percentage,0,Units,,,54.717,,
MEX,Mexico,LANDF_SHARE,% Landfill,2007,2007,PC,Percentage,0,Units,,,56.548,,
MEX,Mexico,LANDF_SHARE,% Landfill,2008,2008,PC,Percentage,0,Units,,,58.047,,
MEX,Mexico,LANDF_SHARE,% Landfill,2009,2009,PC,Percentage,0,Units,,,57.861,,
MEX,Mexico,LANDF_SHARE,% Landfill,2010,2010,PC,Percentage,0,Units,,,62.185,,
MEX,Mexico,LANDF_SHARE,% Landfill,2011,2011,PC,Percentage,0,Units,,,63.649,,
MEX,Mexico,LANDF_SHARE,% Landfill,2012,2012,PC,Percentage,0,Units,,,66.455,,
NLD,Netherlands,LANDF_SHARE,% Landfill,1991,1991,PC,Percentage,0,Units,,,50.398,,
NLD,Netherlands,LANDF_SHARE,% Landfill,1993,1993,PC,Percentage,0,Units,,,40.02,,
NLD,Netherlands,LANDF_SHARE,% Landfill,1994,1994,PC,Percentage,0,Units,,,34.75,,
NLD,Netherlands,LANDF_SHARE,% Landfill,1995,1995,PC,Percentage,0,Units,,,30.813,,
NLD,Netherlands,LANDF_SHARE,% Landfill,1996,1996,PC,Percentage,0,Units,,,22.264,,
NLD,Netherlands,LANDF_SHARE,% Landfill,1997,1997,PC,Percentage,0,Units,,,12.851,,
NLD,Netherlands,LANDF_SHARE,% Landfill,1998,1998,PC,Percentage,0,Units,,,10.577,,
NLD,Netherlands,LANDF_SHARE,% Landfill,1999,1999,PC,Percentage,0,Units,,,7.851,,
NLD,Netherlands,LANDF_SHARE,% Landfill,2000,2000,PC,Percentage,0,Units,,,11.082,,
NLD,Netherlands,LANDF_SHARE,% Landfill,2001,2001,PC,Percentage,0,Units,,,9.618,,
NLD,Netherlands,LANDF_SHARE,% Landfill,2002,2002,PC,Percentage,0,Units,,,9.623,,
NLD,Netherlands,LANDF_SHARE,% Landfill,2003,2003,PC,Percentage,0,Units,,,3.24,,
NLD,Netherlands,LANDF_SHARE,% Landfill,2004,2004,PC,Percentage,0,Units,,,1.985,,
NLD,Netherlands,LANDF_SHARE,% Landfill,2005,2005,PC,Percentage,0,Units,,,2.091,,
NLD,Netherlands,LANDF_SHARE,% Landfill,2006,2006,PC,Percentage,0,Units,,,2.882,,
NLD,Netherlands,LANDF_SHARE,% Landfill,2007,2007,PC,Percentage,0,Units,,,2.411,,
NLD,Netherlands,LANDF_SHARE,% Landfill,2008,2008,PC,Percentage,0,Units,,,1.561,,
NLD,Netherlands,LANDF_SHARE,% Landfill,2009,2009,PC,Percentage,0,Units,,,1.561,,
NLD,Netherlands,LANDF_SHARE,% Landfill,2010,2010,PC,Percentage,0,Units,,,1.529,,
NLD,Netherlands,LANDF_SHARE,% Landfill,2011,2011,PC,Percentage,0,Units,,,1.593,,
NLD,Netherlands,LANDF_SHARE,% Landfill,2012,2012,PC,Percentage,0,Units,,,1.5,,
NLD,Netherlands,LANDF_SHARE,% Landfill,2013,2013,PC,Percentage,0,Units,,,1.482,,
NLD,Netherlands,LANDF_SHARE,% Landfill,2014,2014,PC,Percentage,0,Units,,,1.439,,
NLD,Netherlands,LANDF_SHARE,% Landfill,2015,2015,PC,Percentage,0,Units,,,1.41,,
NLD,Netherlands,LANDF_SHARE,% Landfill,2016,2016,PC,Percentage,0,Units,,,1.433,,
NLD,Netherlands,LANDF_SHARE,% Landfill,2017,2017,PC,Percentage,0,Units,,,1.41,,
NLD,Netherlands,LANDF_SHARE,% Landfill,2018,2018,PC,Percentage,0,Units,,,1.419,,
NLD,Netherlands,LANDF_SHARE,% Landfill,2019,2019,PC,Percentage,0,Units,,,1.408,,
NLD,Netherlands,LANDF_SHARE,% Landfill,2020,2020,PC,Percentage,0,Units,,,1.373,,
NOR,Norway,LANDF_SHARE,% Landfill,1992,1992,PC,Percentage,0,Units,,,77.525,,
NOR,Norway,LANDF_SHARE,% Landfill,1993,1993,PC,Percentage,0,Units,,,73.809,,
NOR,Norway,LANDF_SHARE,% Landfill,1994,1994,PC,Percentage,0,Units,,,73.473,,
NOR,Norway,LANDF_SHARE,% Landfill,1995,1995,PC,Percentage,0,Units,,,72.831,,
NOR,Norway,LANDF_SHARE,% Landfill,1996,1996,PC,Percentage,0,Units,,,67.321,,
NOR,Norway,LANDF_SHARE,% Landfill,1997,1997,PC,Percentage,0,Units,,,61.846,,
NOR,Norway,LANDF_SHARE,% Landfill,1998,1998,PC,Percentage,0,Units,,,64.508,,
NOR,Norway,LANDF_SHARE,% Landfill,1999,1999,PC,Percentage,0,Units,,,55.057,,
NOR,Norway,LANDF_SHARE,% Landfill,2000,2000,PC,Percentage,0,Units,,,54.701,,
NOR,Norway,LANDF_SHARE,% Landfill,2001,2001,PC,Percentage,0,Units,,,25.384,,
NOR,Norway,LANDF_SHARE,% Landfill,2002,2002,PC,Percentage,0,Units,,,23.831,,
NOR,Norway,LANDF_SHARE,% Landfill,2003,2003,PC,Percentage,0,Units,,,21.382,,
NOR,Norway,LANDF_SHARE,% Landfill,2004,2004,PC,Percentage,0,Units,,,19.732,,
NOR,Norway,LANDF_SHARE,% Landfill,2005,2005,PC,Percentage,0,Units,,,18.041,,
NOR,Norway,LANDF_SHARE,% Landfill,2006,2006,PC,Percentage,0,Units,,,18.223,,
NOR,Norway,LANDF_SHARE,% Landfill,2007,2007,PC,Percentage,0,Units,,,18.669,,
NOR,Norway,LANDF_SHARE,% Landfill,2008,2008,PC,Percentage,0,Units,,,17.873,,
NOR,Norway,LANDF_SHARE,% Landfill,2009,2009,PC,Percentage,0,Units,,,14.26,,
NOR,Norway,LANDF_SHARE,% Landfill,2010,2010,PC,Percentage,0,Units,,,5.959,,
NOR,Norway,LANDF_SHARE,% Landfill,2011,2011,PC,Percentage,0,Units,,,2.318,,
NOR,Norway,LANDF_SHARE,% Landfill,2012,2012,PC,Percentage,0,Units,,,1.839,,
NOR,Norway,LANDF_SHARE,% Landfill,2013,2013,PC,Percentage,0,Units,,,2.082,,
NOR,Norway,LANDF_SHARE,% Landfill,2014,2014,PC,Percentage,0,Units,,,2.759,,
NOR,Norway,LANDF_SHARE,% Landfill,2015,2015,PC,Percentage,0,Units,,,3.386,,
NOR,Norway,LANDF_SHARE,% Landfill,2016,2016,PC,Percentage,0,Units,,,4.221,,
NOR,Norway,LANDF_SHARE,% Landfill,2017,2017,PC,Percentage,0,Units,,,3.473,,
NOR,Norway,LANDF_SHARE,% Landfill,2018,2018,PC,Percentage,0,Units,,,3.148,,
NOR,Norway,LANDF_SHARE,% Landfill,2019,2019,PC,Percentage,0,Units,,,3.709,,
NOR,Norway,LANDF_SHARE,% Landfill,2020,2020,PC,Percentage,0,Units,,,2.295,,
POL,Poland,LANDF_SHARE,% Landfill,1995,1995,PC,Percentage,0,Units,,,98.17,,
POL,Poland,LANDF_SHARE,% Landfill,1996,1996,PC,Percentage,0,Units,,,98.115,,
POL,Poland,LANDF_SHARE,% Landfill,1997,1997,PC,Percentage,0,Units,,,96.971,,
POL,Poland,LANDF_SHARE,% Landfill,1998,1998,PC,Percentage,0,Units,,,98.013,,
POL,Poland,LANDF_SHARE,% Landfill,1999,1999,PC,Percentage,0,Units,,,98.027,,
POL,Poland,LANDF_SHARE,% Landfill,2000,2000,PC,Percentage,0,Units,,,97.865,,
POL,Poland,LANDF_SHARE,% Landfill,2001,2001,PC,Percentage,0,Units,,,95.769,,
POL,Poland,LANDF_SHARE,% Landfill,2002,2002,PC,Percentage,0,Units,,,96.508,,
POL,Poland,LANDF_SHARE,% Landfill,2003,2003,PC,Percentage,0,Units,,,96.816,,
POL,Poland,LANDF_SHARE,% Landfill,2004,2004,PC,Percentage,0,Units,,,94.637,,
POL,Poland,LANDF_SHARE,% Landfill,2005,2005,PC,Percentage,0,Units,,,92.205,,
POL,Poland,LANDF_SHARE,% Landfill,2006,2006,PC,Percentage,0,Units,,,90.989,,
POL,Poland,LANDF_SHARE,% Landfill,2007,2007,PC,Percentage,0,Units,,,90.231,,
POL,Poland,LANDF_SHARE,% Landfill,2008,2008,PC,Percentage,0,Units,,,86.847,,
POL,Poland,LANDF_SHARE,% Landfill,2009,2009,PC,Percentage,0,Units,,,83.786,,
POL,Poland,LANDF_SHARE,% Landfill,2010,2010,PC,Percentage,0,Units,,,80.05,,
POL,Poland,LANDF_SHARE,% Landfill,2011,2011,PC,Percentage,0,Units,,,85.47,,
POL,Poland,LANDF_SHARE,% Landfill,2012,2012,PC,Percentage,0,Units,,,84.386,,
POL,Poland,LANDF_SHARE,% Landfill,2013,2013,PC,Percentage,0,Units,,,73.855,,
POL,Poland,LANDF_SHARE,% Landfill,2014,2014,PC,Percentage,0,Units,,,58.383,,
POL,Poland,LANDF_SHARE,% Landfill,2015,2015,PC,Percentage,0,Units,,,54.285,,
POL,Poland,LANDF_SHARE,% Landfill,2016,2016,PC,Percentage,0,Units,,,45.74,,
POL,Poland,LANDF_SHARE,% Landfill,2017,2017,PC,Percentage,0,Units,,,41.773,,
POL,Poland,LANDF_SHARE,% Landfill,2018,2018,PC,Percentage,0,Units,,,41.577,,
POL,Poland,LANDF_SHARE,% Landfill,2019,2019,PC,Percentage,0,Units,,,43.027,,
POL,Poland,LANDF_SHARE,% Landfill,2020,2020,PC,Percentage,0,Units,,,39.779,,
PRT,Portugal,LANDF_SHARE,% Landfill,1993,1993,PC,Percentage,0,Units,,,87.286,,
PRT,Portugal,LANDF_SHARE,% Landfill,1994,1994,PC,Percentage,0,Units,,,95.0,,
PRT,Portugal,LANDF_SHARE,% Landfill,1995,1995,PC,Percentage,0,Units,,,90.185,,
PRT,Portugal,LANDF_SHARE,% Landfill,1996,1996,PC,Percentage,0,Units,,,90.109,,
PRT,Portugal,LANDF_SHARE,% Landfill,1997,1997,PC,Percentage,0,Units,,,89.879,,
PRT,Portugal,LANDF_SHARE,% Landfill,1998,1998,PC,Percentage,0,Units,,,89.601,,
PRT,Portugal,LANDF_SHARE,% Landfill,1999,1999,PC,Percentage,0,Units,,,89.261,,
PRT,Portugal,LANDF_SHARE,% Landfill,2000,2000,PC,Percentage,0,Units,,,68.519,,
PRT,Portugal,LANDF_SHARE,% Landfill,2001,2001,PC,Percentage,0,Units,,,67.451,,
PRT,Portugal,LANDF_SHARE,% Landfill,2002,2002,PC,Percentage,0,Units,,,71.6,,
PRT,Portugal,LANDF_SHARE,% Landfill,2003,2003,PC,Percentage,0,Units,,,67.713,,
PRT,Portugal,LANDF_SHARE,% Landfill,2004,2004,PC,Percentage,0,Units,,,65.25,,
PRT,Portugal,LANDF_SHARE,% Landfill,2005,2005,PC,Percentage,0,Units,,,62.574,,
PRT,Portugal,LANDF_SHARE,% Landfill,2006,2006,PC,Percentage,0,Units,,,64.163,,
PRT,Portugal,LANDF_SHARE,% Landfill,2007,2007,PC,Percentage,0,Units,,,63.826,,
PRT,Portugal,LANDF_SHARE,% Landfill,2008,2008,PC,Percentage,0,Units,,,64.516,,
PRT,Portugal,LANDF_SHARE,% Landfill,2009,2009,PC,Percentage,0,Units,,,60.8,,
PRT,Portugal,LANDF_SHARE,% Landfill,2010,2010,PC,Percentage,0,Units,,,61.952,,
PRT,Portugal,LANDF_SHARE,% Landfill,2011,2011,PC,Percentage,0,Units,,,58.869,,
PRT,Portugal,LANDF_SHARE,% Landfill,2012,2012,PC,Percentage,0,Units,,,54.403,,
PRT,Portugal,LANDF_SHARE,% Landfill,2013,2013,PC,Percentage,0,Units,,,50.462,,
PRT,Portugal,LANDF_SHARE,% Landfill,2014,2014,PC,Percentage,0,Units,,,48.98,,
PRT,Portugal,LANDF_SHARE,% Landfill,2015,2015,PC,Percentage,0,Units,,,48.437,,
PRT,Portugal,LANDF_SHARE,% Landfill,2016,2016,PC,Percentage,0,Units,,,46.549,,
PRT,Portugal,LANDF_SHARE,% Landfill,2017,2017,PC,Percentage,0,Units,,,48.825,,
PRT,Portugal,LANDF_SHARE,% Landfill,2018,2018,PC,Percentage,0,Units,,,50.529,,
PRT,Portugal,LANDF_SHARE,% Landfill,2019,2019,PC,Percentage,0,Units,,,49.837,,
PRT,Portugal,LANDF_SHARE,% Landfill,2020,2020,PC,Percentage,0,Units,,,53.455,,
SVK,Slovak Republic,LANDF_SHARE,% Landfill,1995,1995,PC,Percentage,0,Units,,,87.624,,
SVK,Slovak Republic,LANDF_SHARE,% Landfill,1996,1996,PC,Percentage,0,Units,,,87.443,,
SVK,Slovak Republic,LANDF_SHARE,% Landfill,1997,1997,PC,Percentage,0,Units,,,83.08,,
SVK,Slovak Republic,LANDF_SHARE,% Landfill,1998,1998,PC,Percentage,0,Units,,,81.459,,
SVK,Slovak Republic,LANDF_SHARE,% Landfill,1999,1999,PC,Percentage,0,Units,,,82.191,,
SVK,Slovak Republic,LANDF_SHARE,% Landfill,2000,2000,PC,Percentage,0,Units,,,78.83,,
SVK,Slovak Republic,LANDF_SHARE,% Landfill,2001,2001,PC,Percentage,0,Units,,,83.355,,
SVK,Slovak Republic,LANDF_SHARE,% Landfill,2002,2002,PC,Percentage,0,Units,,,81.502,,
SVK,Slovak Republic,LANDF_SHARE,% Landfill,2003,2003,PC,Percentage,0,Units,,,82.083,,
SVK,Slovak Republic,LANDF_SHARE,% Landfill,2004,2004,PC,Percentage,0,Units,,,80.241,,
SVK,Slovak Republic,LANDF_SHARE,% Landfill,2005,2005,PC,Percentage,0,Units,,,82.834,,
SVK,Slovak Republic,LANDF_SHARE,% Landfill,2006,2006,PC,Percentage,0,Units,,,81.17,,
SVK,Slovak Republic,LANDF_SHARE,% Landfill,2007,2007,PC,Percentage,0,Units,,,79.545,,
SVK,Slovak Republic,LANDF_SHARE,% Landfill,2008,2008,PC,Percentage,0,Units,,,80.078,,
SVK,Slovak Republic,LANDF_SHARE,% Landfill,2009,2009,PC,Percentage,0,Units,,,78.331,,
SVK,Slovak Republic,LANDF_SHARE,% Landfill,2010,2010,PC,Percentage,0,Units,,,77.503,,
SVK,Slovak Republic,LANDF_SHARE,% Landfill,2011,2011,PC,Percentage,0,Units,,,73.867,,
SVK,Slovak Republic,LANDF_SHARE,% Landfill,2012,2012,PC,Percentage,0,Units,,,73.13,,
SVK,Slovak Republic,LANDF_SHARE,% Landfill,2013,2013,PC,Percentage,0,Units,,,71.175,,
SVK,Slovak Republic,LANDF_SHARE,% Landfill,2014,2014,PC,Percentage,0,Units,,,68.033,,
SVK,Slovak Republic,LANDF_SHARE,% Landfill,2015,2015,PC,Percentage,0,Units,,,69.029,,
SVK,Slovak Republic,LANDF_SHARE,% Landfill,2016,2016,PC,Percentage,0,Units,,,65.945,,
SVK,Slovak Republic,LANDF_SHARE,% Landfill,2017,2017,PC,Percentage,0,Units,,,60.566,,
SVK,Slovak Republic,LANDF_SHARE,% Landfill,2018,2018,PC,Percentage,0,Units,,,55.392,,
SVK,Slovak Republic,LANDF_SHARE,% Landfill,2019,2019,PC,Percentage,0,Units,,,52.192,,
SVK,Slovak Republic,LANDF_SHARE,% Landfill,2020,2020,PC,Percentage,0,Units,,,49.751,,
ESP,Spain,LANDF_SHARE,% Landfill,1990,1990,PC,Percentage,0,Units,,,74.345,,
ESP,Spain,LANDF_SHARE,% Landfill,1991,1991,PC,Percentage,0,Units,,,79.711,,
ESP,Spain,LANDF_SHARE,% Landfill,1992,1992,PC,Percentage,0,Units,,,84.054,,
ESP,Spain,LANDF_SHARE,% Landfill,1993,1993,PC,Percentage,0,Units,,,83.792,,
ESP,Spain,LANDF_SHARE,% Landfill,1994,1994,PC,Percentage,0,Units,,,82.333,,
ESP,Spain,LANDF_SHARE,% Landfill,1995,1995,PC,Percentage,0,Units,,,83.657,,
ESP,Spain,LANDF_SHARE,% Landfill,1996,1996,PC,Percentage,0,Units,,,81.824,,
ESP,Spain,LANDF_SHARE,% Landfill,1997,1997,PC,Percentage,0,Units,,,79.503,,
ESP,Spain,LANDF_SHARE,% Landfill,1998,1998,PC,Percentage,0,Units,,,77.875,,
ESP,Spain,LANDF_SHARE,% Landfill,1999,1999,PC,Percentage,0,Units,,,72.84,,
ESP,Spain,LANDF_SHARE,% Landfill,2000,2000,PC,Percentage,0,Units,,,68.118,,
ESP,Spain,LANDF_SHARE,% Landfill,2001,2001,PC,Percentage,0,Units,,,67.193,,
ESP,Spain,LANDF_SHARE,% Landfill,2002,2002,PC,Percentage,0,Units,,,61.308,,
ESP,Spain,LANDF_SHARE,% Landfill,2003,2003,PC,Percentage,0,Units,,,61.25,,
ESP,Spain,LANDF_SHARE,% Landfill,2004,2004,PC,Percentage,0,Units,,,58.441,,
ESP,Spain,LANDF_SHARE,% Landfill,2005,2005,PC,Percentage,0,Units,,,55.795,,
ESP,Spain,LANDF_SHARE,% Landfill,2006,2006,PC,Percentage,0,Units,,,59.737,,
ESP,Spain,LANDF_SHARE,% Landfill,2007,2007,PC,Percentage,0,Units,,,59.528,,
ESP,Spain,LANDF_SHARE,% Landfill,2008,2008,PC,Percentage,0,Units,,,51.71,,
ESP,Spain,LANDF_SHARE,% Landfill,2009,2009,PC,Percentage,0,Units,,,57.91,,
ESP,Spain,LANDF_SHARE,% Landfill,2010,2010,PC,Percentage,0,Units,,,62.205,,
ESP,Spain,LANDF_SHARE,% Landfill,2011,2011,PC,Percentage,0,Units,,,62.967,,
ESP,Spain,LANDF_SHARE,% Landfill,2012,2012,PC,Percentage,0,Units,,,60.57,,
ESP,Spain,LANDF_SHARE,% Landfill,2013,2013,PC,Percentage,0,Units,,,55.706,,
ESP,Spain,LANDF_SHARE,% Landfill,2014,2014,PC,Percentage,0,Units,,,57.7,,
ESP,Spain,LANDF_SHARE,% Landfill,2015,2015,PC,Percentage,0,Units,,,57.324,,
ESP,Spain,LANDF_SHARE,% Landfill,2016,2016,PC,Percentage,0,Units,,,54.118,,
ESP,Spain,LANDF_SHARE,% Landfill,2017,2017,PC,Percentage,0,Units,,,51.156,,
ESP,Spain,LANDF_SHARE,% Landfill,2018,2018,PC,Percentage,0,Units,,,53.611,,
ESP,Spain,LANDF_SHARE,% Landfill,2019,2019,PC,Percentage,0,Units,,,51.052,,
ESP,Spain,LANDF_SHARE,% Landfill,2020,2020,PC,Percentage,0,Units,,,52.007,,
SWE,Sweden,LANDF_SHARE,% Landfill,1990,1990,PC,Percentage,0,Units,,,43.75,,
SWE,Sweden,LANDF_SHARE,% Landfill,1994,1994,PC,Percentage,0,Units,,,39.35,,
SWE,Sweden,LANDF_SHARE,% Landfill,1995,1995,PC,Percentage,0,Units,,,35.242,,
SWE,Sweden,LANDF_SHARE,% Landfill,1996,1996,PC,Percentage,0,Units,,,32.099,,
SWE,Sweden,LANDF_SHARE,% Landfill,1997,1997,PC,Percentage,0,Units,,,31.267,,
SWE,Sweden,LANDF_SHARE,% Landfill,1998,1998,PC,Percentage,0,Units,,,26.569,,
SWE,Sweden,LANDF_SHARE,% Landfill,1999,1999,PC,Percentage,0,Units,,,24.377,,
SWE,Sweden,LANDF_SHARE,% Landfill,2000,2000,PC,Percentage,0,Units,,,22.926,,
SWE,Sweden,LANDF_SHARE,% Landfill,2001,2001,PC,Percentage,0,Units,,,22.523,,
SWE,Sweden,LANDF_SHARE,% Landfill,2002,2002,PC,Percentage,0,Units,,,19.884,,
SWE,Sweden,LANDF_SHARE,% Landfill,2003,2003,PC,Percentage,0,Units,,,13.825,,
SWE,Sweden,LANDF_SHARE,% Landfill,2004,2004,PC,Percentage,0,Units,,,9.172,,
SWE,Sweden,LANDF_SHARE,% Landfill,2005,2005,PC,Percentage,0,Units,,,4.863,,
SWE,Sweden,LANDF_SHARE,% Landfill,2006,2006,PC,Percentage,0,Units,,,5.066,,
SWE,Sweden,LANDF_SHARE,% Landfill,2007,2007,PC,Percentage,0,Units,,,4.181,,
SWE,Sweden,LANDF_SHARE,% Landfill,2008,2008,PC,Percentage,0,Units,,,3.133,,
SWE,Sweden,LANDF_SHARE,% Landfill,2009,2009,PC,Percentage,0,Units,,,1.33,,
SWE,Sweden,LANDF_SHARE,% Landfill,2010,2010,PC,Percentage,0,Units,,,0.909,,
SWE,Sweden,LANDF_SHARE,% Landfill,2011,2011,PC,Percentage,0,Units,,,0.766,,
SWE,Sweden,LANDF_SHARE,% Landfill,2012,2012,PC,Percentage,0,Units,,,0.619,,
SWE,Sweden,LANDF_SHARE,% Landfill,2013,2013,PC,Percentage,0,Units,,,0.641,,
SWE,Sweden,LANDF_SHARE,% Landfill,2014,2014,PC,Percentage,0,Units,,,0.631,,
SWE,Sweden,LANDF_SHARE,% Landfill,2015,2015,PC,Percentage,0,Units,,,0.787,,
SWE,Sweden,LANDF_SHARE,% Landfill,2016,2016,PC,Percentage,0,Units,,,0.624,,
SWE,Sweden,LANDF_SHARE,% Landfill,2017,2017,PC,Percentage,0,Units,,,0.45,,
SWE,Sweden,LANDF_SHARE,% Landfill,2018,2018,PC,Percentage,0,Units,,,0.672,,
SWE,Sweden,LANDF_SHARE,% Landfill,2019,2019,PC,Percentage,0,Units,,,0.75,,
SWE,Sweden,LANDF_SHARE,% Landfill,2020,2020,PC,Percentage,0,Units,,,0.427,,
CHE,Switzerland,LANDF_SHARE,% Landfill,1990,1990,PC,Percentage,0,Units,,,22.68,,
CHE,Switzerland,LANDF_SHARE,% Landfill,1991,1991,PC,Percentage,0,Units,,,17.279,,
CHE,Switzerland,LANDF_SHARE,% Landfill,1992,1992,PC,Percentage,0,Units,,,15.866,,
CHE,Switzerland,LANDF_SHARE,% Landfill,1993,1993,PC,Percentage,0,Units,,,15.7,,
CHE,Switzerland,LANDF_SHARE,% Landfill,1994,1994,PC,Percentage,0,Units,,,14.178,,
CHE,Switzerland,LANDF_SHARE,% Landfill,1995,1995,PC,Percentage,0,Units,,,12.736,,
CHE,Switzerland,LANDF_SHARE,% Landfill,1996,1996,PC,Percentage,0,Units,,,11.462,,
CHE,Switzerland,LANDF_SHARE,% Landfill,1997,1997,PC,Percentage,0,Units,,,11.101,,
CHE,Switzerland,LANDF_SHARE,% Landfill,1998,1998,PC,Percentage,0,Units,,,10.758,,
CHE,Switzerland,LANDF_SHARE,% Landfill,1999,1999,PC,Percentage,0,Units,,,10.318,,
CHE,Switzerland,LANDF_SHARE,% Landfill,2000,2000,PC,Percentage,0,Units,,,8.265,,
CHE,Switzerland,LANDF_SHARE,% Landfill,2001,2001,PC,Percentage,0,Units,,,4.234,,
CHE,Switzerland,LANDF_SHARE,% Landfill,2002,2002,PC,Percentage,0,Units,,,1.621,,
CHE,Switzerland,LANDF_SHARE,% Landfill,2003,2003,PC,Percentage,0,Units,,,1.424,,
CHE,Switzerland,LANDF_SHARE,% Landfill,2004,2004,PC,Percentage,0,Units,,,0.0,,
CHE,Switzerland,LANDF_SHARE,% Landfill,2005,2005,PC,Percentage,0,Units,,,0.0,,
CHE,Switzerland,LANDF_SHARE,% Landfill,2006,2006,PC,Percentage,0,Units,,,0.0,,
CHE,Switzerland,LANDF_SHARE,% Landfill,2007,2007,PC,Percentage,0,Units,,,0.0,,
CHE,Switzerland,LANDF_SHARE,% Landfill,2008,2008,PC,Percentage,0,Units,,,0.0,,
CHE,Switzerland,LANDF_SHARE,% Landfill,2009,2009,PC,Percentage,0,Units,,,0.0,,
CHE,Switzerland,LANDF_SHARE,% Landfill,2010,2010,PC,Percentage,0,Units,,,0.0,,
CHE,Switzerland,LANDF_SHARE,% Landfill,2011,2011,PC,Percentage,0,Units,,,0.0,,
CHE,Switzerland,LANDF_SHARE,% Landfill,2012,2012,PC,Percentage,0,Units,,,0.0,,
CHE,Switzerland,LANDF_SHARE,% Landfill,2013,2013,PC,Percentage,0,Units,,,0.0,,
CHE,Switzerland,LANDF_SHARE,% Landfill,2014,2014,PC,Percentage,0,Units,,,0.0,,
CHE,Switzerland,LANDF_SHARE,% Landfill,2015,2015,PC,Percentage,0,Units,,,0.0,,
CHE,Switzerland,LANDF_SHARE,% Landfill,2016,2016,PC,Percentage,0,Units,,,0.0,,
CHE,Switzerland,LANDF_SHARE,% Landfill,2017,2017,PC,Percentage,0,Units,,,0.0,,
CHE,Switzerland,LANDF_SHARE,% Landfill,2018,2018,PC,Percentage,0,Units,,,0.0,,
CHE,Switzerland,LANDF_SHARE,% Landfill,2019,2019,PC,Percentage,0,Units,,,0.0,,
CHE,Switzerland,LANDF_SHARE,% Landfill,2020,2020,PC,Percentage,0,Units,,,0.0,,
TUR,Trkiye,LANDF_SHARE,% Landfill,1994,1994,PC,Percentage,0,Units,,,93.287,,
TUR,Trkiye,LANDF_SHARE,% Landfill,1995,1995,PC,Percentage,0,Units,,,95.533,,
TUR,Trkiye,LANDF_SHARE,% Landfill,1996,1996,PC,Percentage,0,Units,,,95.61,,
TUR,Trkiye,LANDF_SHARE,% Landfill,1997,1997,PC,Percentage,0,Units,,,95.079,,
TUR,Trkiye,LANDF_SHARE,% Landfill,1998,1998,PC,Percentage,0,Units,,,96.28,,
TUR,Trkiye,LANDF_SHARE,% Landfill,1999,1999,PC,Percentage,0,Units,,,96.548,,
TUR,Trkiye,LANDF_SHARE,% Landfill,2000,2000,PC,Percentage,0,Units,,,96.753,,
TUR,Trkiye,LANDF_SHARE,% Landfill,2001,2001,PC,Percentage,0,Units,,,97.362,,
TUR,Trkiye,LANDF_SHARE,% Landfill,2002,2002,PC,Percentage,0,Units,,,96.843,,
TUR,Trkiye,LANDF_SHARE,% Landfill,2003,2003,PC,Percentage,0,Units,,,96.887,,
TUR,Trkiye,LANDF_SHARE,% Landfill,2004,2004,PC,Percentage,0,Units,,,97.571,,
TUR,Trkiye,LANDF_SHARE,% Landfill,2005,2005,PC,Percentage,0,Units,,,97.484,,
TUR,Trkiye,LANDF_SHARE,% Landfill,2006,2006,PC,Percentage,0,Units,,,97.738,,
TUR,Trkiye,LANDF_SHARE,% Landfill,2007,2007,PC,Percentage,0,Units,,,97.769,,
TUR,Trkiye,LANDF_SHARE,% Landfill,2008,2008,PC,Percentage,0,Units,,,97.69,,
TUR,Trkiye,LANDF_SHARE,% Landfill,2009,2009,PC,Percentage,0,Units,,,98.024,,
TUR,Trkiye,LANDF_SHARE,% Landfill,2010,2010,PC,Percentage,0,Units,,,98.528,,
TUR,Trkiye,LANDF_SHARE,% Landfill,2011,2011,PC,Percentage,0,Units,,,98.279,,
TUR,Trkiye,LANDF_SHARE,% Landfill,2012,2012,PC,Percentage,0,Units,,,98.866,,
TUR,Trkiye,LANDF_SHARE,% Landfill,2013,2013,PC,Percentage,0,Units,,,98.842,,
TUR,Trkiye,LANDF_SHARE,% Landfill,2014,2014,PC,Percentage,0,Units,,,99.479,,
TUR,Trkiye,LANDF_SHARE,% Landfill,2015,2015,PC,Percentage,0,Units,,,99.387,,
TUR,Trkiye,LANDF_SHARE,% Landfill,2016,2016,PC,Percentage,0,Units,,,90.207,,
TUR,Trkiye,LANDF_SHARE,% Landfill,2017,2017,PC,Percentage,0,Units,,,90.206,,
TUR,Trkiye,LANDF_SHARE,% Landfill,2018,2018,PC,Percentage,0,Units,,,87.668,,
TUR,Trkiye,LANDF_SHARE,% Landfill,2019,2019,PC,Percentage,0,Units,,,87.67,,
GBR,United Kingdom,LANDF_SHARE,% Landfill,1995,1995,PC,Percentage,0,Units,,,82.982,,
GBR,United Kingdom,LANDF_SHARE,% Landfill,1996,1996,PC,Percentage,0,Units,,,85.506,,
GBR,United Kingdom,LANDF_SHARE,% Landfill,1997,1997,PC,Percentage,0,Units,,,86.071,,
GBR,United Kingdom,LANDF_SHARE,% Landfill,1998,1998,PC,Percentage,0,Units,,,83.604,,
GBR,United Kingdom,LANDF_SHARE,% Landfill,1999,1999,PC,Percentage,0,Units,,,82.041,,
GBR,United Kingdom,LANDF_SHARE,% Landfill,2000,2000,PC,Percentage,0,Units,,,81.177,,
GBR,United Kingdom,LANDF_SHARE,% Landfill,2001,2001,PC,Percentage,0,Units,,,79.984,,
GBR,United Kingdom,LANDF_SHARE,% Landfill,2002,2002,PC,Percentage,0,Units,,,77.52,,
GBR,United Kingdom,LANDF_SHARE,% Landfill,2003,2003,PC,Percentage,0,Units,,,74.179,,
GBR,United Kingdom,LANDF_SHARE,% Landfill,2004,2004,PC,Percentage,0,Units,,,69.288,,
GBR,United Kingdom,LANDF_SHARE,% Landfill,2005,2005,PC,Percentage,0,Units,,,64.305,,
GBR,United Kingdom,LANDF_SHARE,% Landfill,2006,2006,PC,Percentage,0,Units,,,60.319,,
GBR,United Kingdom,LANDF_SHARE,% Landfill,2007,2007,PC,Percentage,0,Units,,,56.85,,
GBR,United Kingdom,LANDF_SHARE,% Landfill,2008,2008,PC,Percentage,0,Units,,,52.958,,
GBR,United Kingdom,LANDF_SHARE,% Landfill,2009,2009,PC,Percentage,0,Units,,,49.281,,
GBR,United Kingdom,LANDF_SHARE,% Landfill,2010,2010,PC,Percentage,0,Units,,,45.957,,
GBR,United Kingdom,LANDF_SHARE,% Landfill,2011,2011,PC,Percentage,0,Units,,,40.474,,
GBR,United Kingdom,LANDF_SHARE,% Landfill,2012,2012,PC,Percentage,0,Units,,,37.02,,
GBR,United Kingdom,LANDF_SHARE,% Landfill,2013,2013,PC,Percentage,0,Units,,,33.987,,
GBR,United Kingdom,LANDF_SHARE,% Landfill,2014,2014,PC,Percentage,0,Units,,,27.926,,
GBR,United Kingdom,LANDF_SHARE,% Landfill,2015,2015,PC,Percentage,0,Units,,,22.891,,
GBR,United Kingdom,LANDF_SHARE,% Landfill,2016,2016,PC,Percentage,0,Units,,,19.021,,
GBR,United Kingdom,LANDF_SHARE,% Landfill,2017,2017,PC,Percentage,0,Units,,,16.308,,
GBR,United Kingdom,LANDF_SHARE,% Landfill,2018,2018,PC,Percentage,0,Units,,,14.436,,
GBR,United Kingdom,LANDF_SHARE,% Landfill,2019,2019,PC,Percentage,0,Units,,,11.201,,
GBR,United Kingdom,LANDF_SHARE,% Landfill,2020,2020,PC,Percentage,0,Units,,,10.023,,
USA,United States,LANDF_SHARE,% Landfill,1990,1990,PC,Percentage,0,Units,,,68.694,,
USA,United States,LANDF_SHARE,% Landfill,1991,1991,PC,Percentage,0,Units,,,65.999,,
USA,United States,LANDF_SHARE,% Landfill,1992,1992,PC,Percentage,0,Units,,,65.52,,
USA,United States,LANDF_SHARE,% Landfill,1993,1993,PC,Percentage,0,Units,,,64.382,,
USA,United States,LANDF_SHARE,% Landfill,1994,1994,PC,Percentage,0,Units,,,61.935,,
USA,United States,LANDF_SHARE,% Landfill,1995,1995,PC,Percentage,0,Units,,,57.985,,
USA,United States,LANDF_SHARE,% Landfill,1996,1996,PC,Percentage,0,Units,,,56.419,,
USA,United States,LANDF_SHARE,% Landfill,1997,1997,PC,Percentage,0,Units,,,56.661,,
USA,United States,LANDF_SHARE,% Landfill,1998,1998,PC,Percentage,0,Units,,,57.63,,
USA,United States,LANDF_SHARE,% Landfill,1999,1999,PC,Percentage,0,Units,,,57.612,,
USA,United States,LANDF_SHARE,% Landfill,2000,2000,PC,Percentage,0,Units,,,57.614,,
USA,United States,LANDF_SHARE,% Landfill,2001,2001,PC,Percentage,0,Units,,,57.11,,
USA,United States,LANDF_SHARE,% Landfill,2002,2002,PC,Percentage,0,Units,,,57.478,,
USA,United States,LANDF_SHARE,% Landfill,2003,2003,PC,Percentage,0,Units,,,56.083,,
USA,United States,LANDF_SHARE,% Landfill,2004,2004,PC,Percentage,0,Units,,,56.682,,
USA,United States,LANDF_SHARE,% Landfill,2005,2005,PC,Percentage,0,Units,,,56.079,,
USA,United States,LANDF_SHARE,% Landfill,2006,2006,PC,Percentage,0,Units,,,55.43,,
USA,United States,LANDF_SHARE,% Landfill,2007,2007,PC,Percentage,0,Units,,,54.472,,
USA,United States,LANDF_SHARE,% Landfill,2008,2008,PC,Percentage,0,Units,,,54.241,,
USA,United States,LANDF_SHARE,% Landfill,2009,2009,PC,Percentage,0,Units,,,54.357,,
USA,United States,LANDF_SHARE,% Landfill,2010,2010,PC,Percentage,0,Units,,,54.296,,
USA,United States,LANDF_SHARE,% Landfill,2011,2011,PC,Percentage,0,Units,,,52.626,,
USA,United States,LANDF_SHARE,% Landfill,2012,2012,PC,Percentage,0,Units,,,52.674,,
USA,United States,LANDF_SHARE,% Landfill,2013,2013,PC,Percentage,0,Units,,,52.727,,
USA,United States,LANDF_SHARE,% Landfill,2014,2014,PC,Percentage,0,Units,,,52.647,,
USA,United States,LANDF_SHARE,% Landfill,2015,2015,PC,Percentage,0,Units,,,52.501,,
USA,United States,LANDF_SHARE,% Landfill,2016,2016,PC,Percentage,0,Units,,,52.326,,
USA,United States,LANDF_SHARE,% Landfill,2017,2017,PC,Percentage,0,Units,,,52.285,,
USA,United States,LANDF_SHARE,% Landfill,2018,2018,PC,Percentage,0,Units,,,49.98,,
BRA,Brazil,LANDF_SHARE,% Landfill,2000,2000,PC,Percentage,0,Units,,,62.703,I,Incomplete data
CHL,Chile,LANDF_SHARE,% Landfill,2000,2000,PC,Percentage,0,Units,,,100.0,,
CHL,Chile,LANDF_SHARE,% Landfill,2001,2001,PC,Percentage,0,Units,,,100.0,,
CHL,Chile,LANDF_SHARE,% Landfill,2002,2002,PC,Percentage,0,Units,,,100.0,,
CHL,Chile,LANDF_SHARE,% Landfill,2003,2003,PC,Percentage,0,Units,,,100.0,,
CHL,Chile,LANDF_SHARE,% Landfill,2004,2004,PC,Percentage,0,Units,,,100.0,,
CHL,Chile,LANDF_SHARE,% Landfill,2005,2005,PC,Percentage,0,Units,,,100.0,,
CHL,Chile,LANDF_SHARE,% Landfill,2007,2007,PC,Percentage,0,Units,,,100.0,,
CHL,Chile,LANDF_SHARE,% Landfill,2008,2008,PC,Percentage,0,Units,,,100.0,,
CHL,Chile,LANDF_SHARE,% Landfill,2009,2009,PC,Percentage,0,Units,,,100.0,,
CHL,Chile,LANDF_SHARE,% Landfill,2010,2010,PC,Percentage,0,Units,,,100.0,,
CHL,Chile,LANDF_SHARE,% Landfill,2011,2011,PC,Percentage,0,Units,,,100.0,,
CHL,Chile,LANDF_SHARE,% Landfill,2014,2014,PC,Percentage,0,Units,,,99.801,,
CHL,Chile,LANDF_SHARE,% Landfill,2015,2015,PC,Percentage,0,Units,,,99.646,,
CHL,Chile,LANDF_SHARE,% Landfill,2016,2016,PC,Percentage,0,Units,,,98.594,,
CHL,Chile,LANDF_SHARE,% Landfill,2017,2017,PC,Percentage,0,Units,,,98.077,,
CHL,Chile,LANDF_SHARE,% Landfill,2018,2018,PC,Percentage,0,Units,,,99.193,,
CHN,China (People's Republic of),LANDF_SHARE,% Landfill,2001,2001,PC,Percentage,0,Units,,,88.986,I,Incomplete data
CHN,China (People's Republic of),LANDF_SHARE,% Landfill,2002,2002,PC,Percentage,0,Units,,,89.303,I,Incomplete data
CHN,China (People's Republic of),LANDF_SHARE,% Landfill,2003,2003,PC,Percentage,0,Units,,,84.877,I,Incomplete data
CHN,China (People's Republic of),LANDF_SHARE,% Landfill,2004,2004,PC,Percentage,0,Units,,,85.164,I,Incomplete data
CHN,China (People's Republic of),LANDF_SHARE,% Landfill,2005,2005,PC,Percentage,0,Units,,,85.171,I,Incomplete data
CHN,China (People's Republic of),LANDF_SHARE,% Landfill,2006,2006,PC,Percentage,0,Units,,,81.395,I,Incomplete data
CHN,China (People's Republic of),LANDF_SHARE,% Landfill,2007,2007,PC,Percentage,0,Units,,,80.875,I,Incomplete data
CHN,China (People's Republic of),LANDF_SHARE,% Landfill,2008,2008,PC,Percentage,0,Units,,,81.734,I,Incomplete data
CHN,China (People's Republic of),LANDF_SHARE,% Landfill,2009,2009,PC,Percentage,0,Units,,,79.223,I,Incomplete data
CHN,China (People's Republic of),LANDF_SHARE,% Landfill,2010,2010,PC,Percentage,0,Units,,,77.922,I,Incomplete data
CHN,China (People's Republic of),LANDF_SHARE,% Landfill,2011,2011,PC,Percentage,0,Units,,,76.883,I,Incomplete data
CHN,China (People's Republic of),LANDF_SHARE,% Landfill,2012,2012,PC,Percentage,0,Units,,,72.553,I,Incomplete data
EST,Estonia,LANDF_SHARE,% Landfill,1995,1995,PC,Percentage,0,Units,,,99.436,,
EST,Estonia,LANDF_SHARE,% Landfill,1996,1996,PC,Percentage,0,Units,,,99.823,,
EST,Estonia,LANDF_SHARE,% Landfill,1997,1997,PC,Percentage,0,Units,,,99.831,,
EST,Estonia,LANDF_SHARE,% Landfill,1998,1998,PC,Percentage,0,Units,,,99.795,,
EST,Estonia,LANDF_SHARE,% Landfill,1999,1999,PC,Percentage,0,Units,,,99.988,,
EST,Estonia,LANDF_SHARE,% Landfill,2000,2000,PC,Percentage,0,Units,,,97.652,,
EST,Estonia,LANDF_SHARE,% Landfill,2001,2001,PC,Percentage,0,Units,,,93.751,,
EST,Estonia,LANDF_SHARE,% Landfill,2002,2002,PC,Percentage,0,Units,,,96.539,,
EST,Estonia,LANDF_SHARE,% Landfill,2003,2003,PC,Percentage,0,Units,,,81.388,,
EST,Estonia,LANDF_SHARE,% Landfill,2004,2004,PC,Percentage,0,Units,,,71.774,,
EST,Estonia,LANDF_SHARE,% Landfill,2005,2005,PC,Percentage,0,Units,,,73.517,,
EST,Estonia,LANDF_SHARE,% Landfill,2006,2006,PC,Percentage,0,Units,,,79.863,,
EST,Estonia,LANDF_SHARE,% Landfill,2007,2007,PC,Percentage,0,Units,,,73.49,,
EST,Estonia,LANDF_SHARE,% Landfill,2008,2008,PC,Percentage,0,Units,,,75.764,,
EST,Estonia,LANDF_SHARE,% Landfill,2009,2009,PC,Percentage,0,Units,,,75.017,,
EST,Estonia,LANDF_SHARE,% Landfill,2010,2010,PC,Percentage,0,Units,,,78.465,,
EST,Estonia,LANDF_SHARE,% Landfill,2011,2011,PC,Percentage,0,Units,,,70.401,,
EST,Estonia,LANDF_SHARE,% Landfill,2012,2012,PC,Percentage,0,Units,,,45.383,,
EST,Estonia,LANDF_SHARE,% Landfill,2013,2013,PC,Percentage,0,Units,,,14.826,,
EST,Estonia,LANDF_SHARE,% Landfill,2014,2014,PC,Percentage,0,Units,,,7.107,,
EST,Estonia,LANDF_SHARE,% Landfill,2015,2015,PC,Percentage,0,Units,,,7.954,,
EST,Estonia,LANDF_SHARE,% Landfill,2016,2016,PC,Percentage,0,Units,,,11.191,,
EST,Estonia,LANDF_SHARE,% Landfill,2017,2017,PC,Percentage,0,Units,,,20.008,,
EST,Estonia,LANDF_SHARE,% Landfill,2018,2018,PC,Percentage,0,Units,,,22.802,,
EST,Estonia,LANDF_SHARE,% Landfill,2019,2019,PC,Percentage,0,Units,,,18.147,,
EST,Estonia,LANDF_SHARE,% Landfill,2020,2020,PC,Percentage,0,Units,,,16.931,,
ISR,Israel,LANDF_SHARE,% Landfill,2004,2004,PC,Percentage,0,Units,,,88.0,,
ISR,Israel,LANDF_SHARE,% Landfill,2005,2005,PC,Percentage,0,Units,,,89.0,,
ISR,Israel,LANDF_SHARE,% Landfill,2006,2006,PC,Percentage,0,Units,,,88.0,,
ISR,Israel,LANDF_SHARE,% Landfill,2007,2007,PC,Percentage,0,Units,,,88.0,,
ISR,Israel,LANDF_SHARE,% Landfill,2008,2008,PC,Percentage,0,Units,,,87.0,,
ISR,Israel,LANDF_SHARE,% Landfill,2009,2009,PC,Percentage,0,Units,,,87.0,,
ISR,Israel,LANDF_SHARE,% Landfill,2010,2010,PC,Percentage,0,Units,,,89.0,,
ISR,Israel,LANDF_SHARE,% Landfill,2011,2011,PC,Percentage,0,Units,,,87.0,,
ISR,Israel,LANDF_SHARE,% Landfill,2012,2012,PC,Percentage,0,Units,,,82.311,,
ISR,Israel,LANDF_SHARE,% Landfill,2013,2013,PC,Percentage,0,Units,,,81.911,,
ISR,Israel,LANDF_SHARE,% Landfill,2014,2014,PC,Percentage,0,Units,,,81.813,,
ISR,Israel,LANDF_SHARE,% Landfill,2015,2015,PC,Percentage,0,Units,,,80.937,,
ISR,Israel,LANDF_SHARE,% Landfill,2016,2016,PC,Percentage,0,Units,,,79.614,,
ISR,Israel,LANDF_SHARE,% Landfill,2017,2017,PC,Percentage,0,Units,,,77.596,,
ISR,Israel,LANDF_SHARE,% Landfill,2018,2018,PC,Percentage,0,Units,,,76.19,,
ISR,Israel,LANDF_SHARE,% Landfill,2019,2019,PC,Percentage,0,Units,,,76.45,,
ISR,Israel,LANDF_SHARE,% Landfill,2020,2020,PC,Percentage,0,Units,,,77.726,,
SVN,Slovenia,LANDF_SHARE,% Landfill,1995,1995,PC,Percentage,0,Units,,,97.382,,
SVN,Slovenia,LANDF_SHARE,% Landfill,1996,1996,PC,Percentage,0,Units,,,93.712,,
SVN,Slovenia,LANDF_SHARE,% Landfill,1997,1997,PC,Percentage,0,Units,,,93.316,,
SVN,Slovenia,LANDF_SHARE,% Landfill,1998,1998,PC,Percentage,0,Units,,,90.208,,
SVN,Slovenia,LANDF_SHARE,% Landfill,1999,1999,PC,Percentage,0,Units,,,92.864,,
SVN,Slovenia,LANDF_SHARE,% Landfill,2000,2000,PC,Percentage,0,Units,,,92.922,,
SVN,Slovenia,LANDF_SHARE,% Landfill,2001,2001,PC,Percentage,0,Units,,,96.515,,
SVN,Slovenia,LANDF_SHARE,% Landfill,2002,2002,PC,Percentage,0,Units,,,90.11,,
SVN,Slovenia,LANDF_SHARE,% Landfill,2003,2003,PC,Percentage,0,Units,,,86.29,,
SVN,Slovenia,LANDF_SHARE,% Landfill,2004,2004,PC,Percentage,0,Units,,,74.583,,
SVN,Slovenia,LANDF_SHARE,% Landfill,2005,2005,PC,Percentage,0,Units,,,78.053,,
SVN,Slovenia,LANDF_SHARE,% Landfill,2006,2006,PC,Percentage,0,Units,,,81.835,,
SVN,Slovenia,LANDF_SHARE,% Landfill,2007,2007,PC,Percentage,0,Units,,,74.743,,
SVN,Slovenia,LANDF_SHARE,% Landfill,2008,2008,PC,Percentage,0,Units,,,75.662,,
SVN,Slovenia,LANDF_SHARE,% Landfill,2009,2009,PC,Percentage,0,Units,,,73.75,,
SVN,Slovenia,LANDF_SHARE,% Landfill,2010,2010,PC,Percentage,0,Units,,,60.253,,
SVN,Slovenia,LANDF_SHARE,% Landfill,2011,2011,PC,Percentage,0,Units,,,57.372,,
SVN,Slovenia,LANDF_SHARE,% Landfill,2012,2012,PC,Percentage,0,Units,,,44.33,,
SVN,Slovenia,LANDF_SHARE,% Landfill,2013,2013,PC,Percentage,0,Units,,,26.977,,
SVN,Slovenia,LANDF_SHARE,% Landfill,2014,2014,PC,Percentage,0,Units,,,24.046,,
SVN,Slovenia,LANDF_SHARE,% Landfill,2015,2015,PC,Percentage,0,Units,,,24.149,,
SVN,Slovenia,LANDF_SHARE,% Landfill,2016,2016,PC,Percentage,0,Units,,,9.933,,
SVN,Slovenia,LANDF_SHARE,% Landfill,2017,2017,PC,Percentage,0,Units,,,12.839,,
SVN,Slovenia,LANDF_SHARE,% Landfill,2018,2018,PC,Percentage,0,Units,,,12.189,,
SVN,Slovenia,LANDF_SHARE,% Landfill,2019,2019,PC,Percentage,0,Units,,,12.401,,
SVN,Slovenia,LANDF_SHARE,% Landfill,2020,2020,PC,Percentage,0,Units,,,8.479,,
OECD,OECD - Total,LANDF_SHARE,% Landfill,2000,2000,PC,Percentage,0,Units,,,52.896,E,Estimated value
OECD,OECD - Total,LANDF_SHARE,% Landfill,2001,2001,PC,Percentage,0,Units,,,51.98,E,Estimated value
OECD,OECD - Total,LANDF_SHARE,% Landfill,2002,2002,PC,Percentage,0,Units,,,51.122,E,Estimated value
OECD,OECD - Total,LANDF_SHARE,% Landfill,2003,2003,PC,Percentage,0,Units,,,50.331,E,Estimated value
OECD,OECD - Total,LANDF_SHARE,% Landfill,2004,2004,PC,Percentage,0,Units,,,49.583,E,Estimated value
OECD,OECD - Total,LANDF_SHARE,% Landfill,2005,2005,PC,Percentage,0,Units,,,48.113,E,Estimated value
OECD,OECD - Total,LANDF_SHARE,% Landfill,2006,2006,PC,Percentage,0,Units,,,47.255,E,Estimated value
OECD,OECD - Total,LANDF_SHARE,% Landfill,2007,2007,PC,Percentage,0,Units,,,46.589,E,Estimated value
OECD,OECD - Total,LANDF_SHARE,% Landfill,2008,2008,PC,Percentage,0,Units,,,45.537,E,Estimated value
OECD,OECD - Total,LANDF_SHARE,% Landfill,2009,2009,PC,Percentage,0,Units,,,45.222,E,Estimated value
OECD,OECD - Total,LANDF_SHARE,% Landfill,2010,2010,PC,Percentage,0,Units,,,45.029,E,Estimated value
OECD,OECD - Total,LANDF_SHARE,% Landfill,2011,2011,PC,Percentage,0,Units,,,44.131,E,Estimated value
OECD,OECD - Total,LANDF_SHARE,% Landfill,2012,2012,PC,Percentage,0,Units,,,43.668,E,Estimated value
OECD,OECD - Total,LANDF_SHARE,% Landfill,2013,2013,PC,Percentage,0,Units,,,43.04,E,Estimated value
OECD,OECD - Total,LANDF_SHARE,% Landfill,2014,2014,PC,Percentage,0,Units,,,42.255,E,Estimated value
OECD,OECD - Total,LANDF_SHARE,% Landfill,2015,2015,PC,Percentage,0,Units,,,41.894,E,Estimated value
OECD,OECD - Total,LANDF_SHARE,% Landfill,2016,2016,PC,Percentage,0,Units,,,41.239,E,Estimated value
OECD,OECD - Total,LANDF_SHARE,% Landfill,2017,2017,PC,Percentage,0,Units,,,40.939,E,Estimated value
OECD,OECD - Total,LANDF_SHARE,% Landfill,2018,2018,PC,Percentage,0,Units,,,41.234,E,Estimated value
OECD,OECD - Total,LANDF_SHARE,% Landfill,2019,2019,PC,Percentage,0,Units,,,40.94,E,Estimated value
OECD,OECD - Total,LANDF_SHARE,% Landfill,2020,2020,PC,Percentage,0,Units,,,40.617,E,Estimated value
OECDE,OECD - Europe,LANDF_SHARE,% Landfill,2000,2000,PC,Percentage,0,Units,,,58.34,,
OECDE,OECD - Europe,LANDF_SHARE,% Landfill,2001,2001,PC,Percentage,0,Units,,,56.7,,
OECDE,OECD - Europe,LANDF_SHARE,% Landfill,2002,2002,PC,Percentage,0,Units,,,54.33,,
OECDE,OECD - Europe,LANDF_SHARE,% Landfill,2003,2003,PC,Percentage,0,Units,,,53.13,,
OECDE,OECD - Europe,LANDF_SHARE,% Landfill,2004,2004,PC,Percentage,0,Units,,,50.44,,
OECDE,OECD - Europe,LANDF_SHARE,% Landfill,2005,2005,PC,Percentage,0,Units,,,47.68,,
OECDE,OECD - Europe,LANDF_SHARE,% Landfill,2006,2006,PC,Percentage,0,Units,,,45.58,,
OECDE,OECD - Europe,LANDF_SHARE,% Landfill,2007,2007,PC,Percentage,0,Units,,,44.04,,
OECDE,OECD - Europe,LANDF_SHARE,% Landfill,2008,2008,PC,Percentage,0,Units,,,41.45,,
OECDE,OECD - Europe,LANDF_SHARE,% Landfill,2009,2009,PC,Percentage,0,Units,,,40.91,,
OECDE,OECD - Europe,LANDF_SHARE,% Landfill,2010,2010,PC,Percentage,0,Units,,,39.83,,
OECDE,OECD - Europe,LANDF_SHARE,% Landfill,2011,2011,PC,Percentage,0,Units,,,38.19,,
OECDE,OECD - Europe,LANDF_SHARE,% Landfill,2012,2012,PC,Percentage,0,Units,,,36.39,,
OECDE,OECD - Europe,LANDF_SHARE,% Landfill,2013,2013,PC,Percentage,0,Units,,,34.48,,
OECDE,OECD - Europe,LANDF_SHARE,% Landfill,2014,2014,PC,Percentage,0,Units,,,32.89,,
OECDE,OECD - Europe,LANDF_SHARE,% Landfill,2015,2015,PC,Percentage,0,Units,,,31.09,,
OECDE,OECD - Europe,LANDF_SHARE,% Landfill,2016,2016,PC,Percentage,0,Units,,,29.17,,
OECDE,OECD - Europe,LANDF_SHARE,% Landfill,2017,2017,PC,Percentage,0,Units,,,28.4,,
OECDE,OECD - Europe,LANDF_SHARE,% Landfill,2018,2018,PC,Percentage,0,Units,,,27.89,,
OECDE,OECD - Europe,LANDF_SHARE,% Landfill,2019,2019,PC,Percentage,0,Units,,,27.6,,
OECDE,OECD - Europe,LANDF_SHARE,% Landfill,2020,2020,PC,Percentage,0,Units,,,26.84,,
COL,Colombia,LANDF_SHARE,% Landfill,2005,2005,PC,Percentage,0,Units,,,72.873,,
COL,Colombia,LANDF_SHARE,% Landfill,2006,2006,PC,Percentage,0,Units,,,81.163,,
COL,Colombia,LANDF_SHARE,% Landfill,2007,2007,PC,Percentage,0,Units,,,90.988,,
COL,Colombia,LANDF_SHARE,% Landfill,2008,2008,PC,Percentage,0,Units,,,92.839,,
COL,Colombia,LANDF_SHARE,% Landfill,2009,2009,PC,Percentage,0,Units,,,92.536,,
COL,Colombia,LANDF_SHARE,% Landfill,2010,2010,PC,Percentage,0,Units,,,93.478,,
COL,Colombia,LANDF_SHARE,% Landfill,2011,2011,PC,Percentage,0,Units,,,94.551,,
COL,Colombia,LANDF_SHARE,% Landfill,2012,2012,PC,Percentage,0,Units,,,92.095,,
COL,Colombia,LANDF_SHARE,% Landfill,2013,2013,PC,Percentage,0,Units,,,93.555,,
COL,Colombia,LANDF_SHARE,% Landfill,2014,2014,PC,Percentage,0,Units,,,93.555,,
COL,Colombia,LANDF_SHARE,% Landfill,2015,2015,PC,Percentage,0,Units,,,97.764,,
COL,Colombia,LANDF_SHARE,% Landfill,2016,2016,PC,Percentage,0,Units,,,96.776,,
COL,Colombia,LANDF_SHARE,% Landfill,2017,2017,PC,Percentage,0,Units,,,92.175,,
COL,Colombia,LANDF_SHARE,% Landfill,2018,2018,PC,Percentage,0,Units,,,89.986,,
LVA,Latvia,LANDF_SHARE,% Landfill,1995,1995,PC,Percentage,0,Units,,,100.0,,
LVA,Latvia,LANDF_SHARE,% Landfill,1996,1996,PC,Percentage,0,Units,,,100.0,,
LVA,Latvia,LANDF_SHARE,% Landfill,1997,1997,PC,Percentage,0,Units,,,100.0,,
LVA,Latvia,LANDF_SHARE,% Landfill,1998,1998,PC,Percentage,0,Units,,,100.0,,
LVA,Latvia,LANDF_SHARE,% Landfill,1999,1999,PC,Percentage,0,Units,,,100.0,,
LVA,Latvia,LANDF_SHARE,% Landfill,2000,2000,PC,Percentage,0,Units,,,100.0,,
LVA,Latvia,LANDF_SHARE,% Landfill,2001,2001,PC,Percentage,0,Units,,,98.072,,
LVA,Latvia,LANDF_SHARE,% Landfill,2002,2002,PC,Percentage,0,Units,,,97.655,,
LVA,Latvia,LANDF_SHARE,% Landfill,2003,2003,PC,Percentage,0,Units,,,95.555,,
LVA,Latvia,LANDF_SHARE,% Landfill,2004,2004,PC,Percentage,0,Units,,,92.817,,
LVA,Latvia,LANDF_SHARE,% Landfill,2005,2005,PC,Percentage,0,Units,,,94.197,,
LVA,Latvia,LANDF_SHARE,% Landfill,2006,2006,PC,Percentage,0,Units,,,94.517,,
LVA,Latvia,LANDF_SHARE,% Landfill,2007,2007,PC,Percentage,0,Units,,,93.999,,
LVA,Latvia,LANDF_SHARE,% Landfill,2008,2008,PC,Percentage,0,Units,,,93.193,,
LVA,Latvia,LANDF_SHARE,% Landfill,2009,2009,PC,Percentage,0,Units,,,92.188,,
LVA,Latvia,LANDF_SHARE,% Landfill,2010,2010,PC,Percentage,0,Units,,,90.656,,
LVA,Latvia,LANDF_SHARE,% Landfill,2011,2011,PC,Percentage,0,Units,,,88.315,,
LVA,Latvia,LANDF_SHARE,% Landfill,2012,2012,PC,Percentage,0,Units,,,83.874,,
LVA,Latvia,LANDF_SHARE,% Landfill,2013,2013,PC,Percentage,0,Units,,,72.856,,
LVA,Latvia,LANDF_SHARE,% Landfill,2014,2014,PC,Percentage,0,Units,,,71.35,,
LVA,Latvia,LANDF_SHARE,% Landfill,2015,2015,PC,Percentage,0,Units,,,66.904,,
LVA,Latvia,LANDF_SHARE,% Landfill,2016,2016,PC,Percentage,0,Units,,,69.988,,
LVA,Latvia,LANDF_SHARE,% Landfill,2017,2017,PC,Percentage,0,Units,,,70.233,,
LVA,Latvia,LANDF_SHARE,% Landfill,2018,2018,PC,Percentage,0,Units,,,68.418,,
LVA,Latvia,LANDF_SHARE,% Landfill,2019,2019,PC,Percentage,0,Units,,,56.4,,
LVA,Latvia,LANDF_SHARE,% Landfill,2020,2020,PC,Percentage,0,Units,,,55.483,,
CRI,Costa Rica,LANDF_SHARE,% Landfill,2010,2010,PC,Percentage,0,Units,,,74.973,,
CRI,Costa Rica,LANDF_SHARE,% Landfill,2011,2011,PC,Percentage,0,Units,,,74.651,,
CRI,Costa Rica,LANDF_SHARE,% Landfill,2012,2012,PC,Percentage,0,Units,,,76.581,,
CRI,Costa Rica,LANDF_SHARE,% Landfill,2013,2013,PC,Percentage,0,Units,,,76.917,,
CRI,Costa Rica,LANDF_SHARE,% Landfill,2014,2014,PC,Percentage,0,Units,,,76.532,,
CRI,Costa Rica,LANDF_SHARE,% Landfill,2015,2015,PC,Percentage,0,Units,,,96.967,,
CRI,Costa Rica,LANDF_SHARE,% Landfill,2016,2016,PC,Percentage,0,Units,,,81.149,,
CRI,Costa Rica,LANDF_SHARE,% Landfill,2017,2017,PC,Percentage,0,Units,,,82.36,,
CRI,Costa Rica,LANDF_SHARE,% Landfill,2018,2018,PC,Percentage,0,Units,,,88.659,,
CRI,Costa Rica,LANDF_SHARE,% Landfill,2019,2019,PC,Percentage,0,Units,,,86.458,,
CRI,Costa Rica,LANDF_SHARE,% Landfill,2020,2020,PC,Percentage,0,Units,,,83.822,,
LTU,Lithuania,LANDF_SHARE,% Landfill,1995,1995,PC,Percentage,0,Units,,,100.0,,
LTU,Lithuania,LANDF_SHARE,% Landfill,1996,1996,PC,Percentage,0,Units,,,100.0,,
LTU,Lithuania,LANDF_SHARE,% Landfill,1997,1997,PC,Percentage,0,Units,,,100.0,,
LTU,Lithuania,LANDF_SHARE,% Landfill,1998,1998,PC,Percentage,0,Units,,,100.0,,
LTU,Lithuania,LANDF_SHARE,% Landfill,1999,1999,PC,Percentage,0,Units,,,100.0,,
LTU,Lithuania,LANDF_SHARE,% Landfill,2000,2000,PC,Percentage,0,Units,,,99.968,,
LTU,Lithuania,LANDF_SHARE,% Landfill,2001,2001,PC,Percentage,0,Units,,,99.96,,
LTU,Lithuania,LANDF_SHARE,% Landfill,2002,2002,PC,Percentage,0,Units,,,99.981,,
LTU,Lithuania,LANDF_SHARE,% Landfill,2003,2003,PC,Percentage,0,Units,,,99.999,,
LTU,Lithuania,LANDF_SHARE,% Landfill,2004,2004,PC,Percentage,0,Units,,,97.964,,
LTU,Lithuania,LANDF_SHARE,% Landfill,2005,2005,PC,Percentage,0,Units,,,97.944,,
LTU,Lithuania,LANDF_SHARE,% Landfill,2006,2006,PC,Percentage,0,Units,,,97.951,,
LTU,Lithuania,LANDF_SHARE,% Landfill,2007,2007,PC,Percentage,0,Units,,,92.443,,
LTU,Lithuania,LANDF_SHARE,% Landfill,2008,2008,PC,Percentage,0,Units,,,91.449,,
LTU,Lithuania,LANDF_SHARE,% Landfill,2009,2009,PC,Percentage,0,Units,,,91.401,,
LTU,Lithuania,LANDF_SHARE,% Landfill,2010,2010,PC,Percentage,0,Units,,,94.417,,
LTU,Lithuania,LANDF_SHARE,% Landfill,2011,2011,PC,Percentage,0,Units,,,78.989,,
LTU,Lithuania,LANDF_SHARE,% Landfill,2012,2012,PC,Percentage,0,Units,,,75.647,,
LTU,Lithuania,LANDF_SHARE,% Landfill,2013,2013,PC,Percentage,0,Units,,,64.076,,
LTU,Lithuania,LANDF_SHARE,% Landfill,2014,2014,PC,Percentage,0,Units,,,59.932,,
LTU,Lithuania,LANDF_SHARE,% Landfill,2015,2015,PC,Percentage,0,Units,,,54.763,,
LTU,Lithuania,LANDF_SHARE,% Landfill,2016,2016,PC,Percentage,0,Units,,,31.318,,
LTU,Lithuania,LANDF_SHARE,% Landfill,2017,2017,PC,Percentage,0,Units,,,32.986,,
LTU,Lithuania,LANDF_SHARE,% Landfill,2018,2018,PC,Percentage,0,Units,,,27.461,,
LTU,Lithuania,LANDF_SHARE,% Landfill,2019,2019,PC,Percentage,0,Units,,,24.493,,
LTU,Lithuania,LANDF_SHARE,% Landfill,2020,2020,PC,Percentage,0,Units,,,18.414,,
OECDAO,OECD Asia Oceania,LANDF_SHARE,% Landfill,2000,2000,PC,Percentage,0,Units,,,26.26,,
OECDAO,OECD Asia Oceania,LANDF_SHARE,% Landfill,2001,2001,PC,Percentage,0,Units,,,25.39,,
OECDAO,OECD Asia Oceania,LANDF_SHARE,% Landfill,2002,2002,PC,Percentage,0,Units,,,24.65,,
OECDAO,OECD Asia Oceania,LANDF_SHARE,% Landfill,2003,2003,PC,Percentage,0,Units,,,24.07,,
OECDAO,OECD Asia Oceania,LANDF_SHARE,% Landfill,2004,2004,PC,Percentage,0,Units,,,23.57,,
OECDAO,OECD Asia Oceania,LANDF_SHARE,% Landfill,2005,2005,PC,Percentage,0,Units,,,21.79,,
OECDAO,OECD Asia Oceania,LANDF_SHARE,% Landfill,2006,2006,PC,Percentage,0,Units,,,21.37,,
OECDAO,OECD Asia Oceania,LANDF_SHARE,% Landfill,2007,2007,PC,Percentage,0,Units,,,21.2,,
OECDAO,OECD Asia Oceania,LANDF_SHARE,% Landfill,2008,2008,PC,Percentage,0,Units,,,21.19,,
OECDAO,OECD Asia Oceania,LANDF_SHARE,% Landfill,2009,2009,PC,Percentage,0,Units,,,19.75,,
OECDAO,OECD Asia Oceania,LANDF_SHARE,% Landfill,2010,2010,PC,Percentage,0,Units,,,19.73,,
OECDAO,OECD Asia Oceania,LANDF_SHARE,% Landfill,2011,2011,PC,Percentage,0,Units,,,19.7,,
OECDAO,OECD Asia Oceania,LANDF_SHARE,% Landfill,2012,2012,PC,Percentage,0,Units,,,20.23,,
OECDAO,OECD Asia Oceania,LANDF_SHARE,% Landfill,2013,2013,PC,Percentage,0,Units,,,20.37,,
OECDAO,OECD Asia Oceania,LANDF_SHARE,% Landfill,2014,2014,PC,Percentage,0,Units,,,19.42,,
OECDAO,OECD Asia Oceania,LANDF_SHARE,% Landfill,2015,2015,PC,Percentage,0,Units,,,19.55,,
OECDAO,OECD Asia Oceania,LANDF_SHARE,% Landfill,2016,2016,PC,Percentage,0,Units,,,19.74,,
OECDAO,OECD Asia Oceania,LANDF_SHARE,% Landfill,2017,2017,PC,Percentage,0,Units,,,19.99,,
OECDAO,OECD Asia Oceania,LANDF_SHARE,% Landfill,2018,2018,PC,Percentage,0,Units,,,20.09,,
OECDAO,OECD Asia Oceania,LANDF_SHARE,% Landfill,2019,2019,PC,Percentage,0,Units,,,19.93,,
OECDAO,OECD Asia Oceania,LANDF_SHARE,% Landfill,2020,2020,PC,Percentage,0,Units,,,20.16,,
OECDAM,OECD America,LANDF_SHARE,% Landfill,2000,2000,PC,Percentage,0,Units,,,56.491,E,Estimated value
OECDAM,OECD America,LANDF_SHARE,% Landfill,2001,2001,PC,Percentage,0,Units,,,56.249,E,Estimated value
OECDAM,OECD America,LANDF_SHARE,% Landfill,2002,2002,PC,Percentage,0,Units,,,56.535,E,Estimated value
OECDAM,OECD America,LANDF_SHARE,% Landfill,2003,2003,PC,Percentage,0,Units,,,56.059,E,Estimated value
OECDAM,OECD America,LANDF_SHARE,% Landfill,2004,2004,PC,Percentage,0,Units,,,56.603,E,Estimated value
OECDAM,OECD America,LANDF_SHARE,% Landfill,2005,2005,PC,Percentage,0,Units,,,56.166,E,Estimated value
OECDAM,OECD America,LANDF_SHARE,% Landfill,2006,2006,PC,Percentage,0,Units,,,56.113,E,Estimated value
OECDAM,OECD America,LANDF_SHARE,% Landfill,2007,2007,PC,Percentage,0,Units,,,55.972,E,Estimated value
OECDAM,OECD America,LANDF_SHARE,% Landfill,2008,2008,PC,Percentage,0,Units,,,55.975,E,Estimated value
OECDAM,OECD America,LANDF_SHARE,% Landfill,2009,2009,PC,Percentage,0,Units,,,56.281,E,Estimated value
OECDAM,OECD America,LANDF_SHARE,% Landfill,2010,2010,PC,Percentage,0,Units,,,56.49,E,Estimated value
OECDAM,OECD America,LANDF_SHARE,% Landfill,2011,2011,PC,Percentage,0,Units,,,55.633,E,Estimated value
OECDAM,OECD America,LANDF_SHARE,% Landfill,2012,2012,PC,Percentage,0,Units,,,55.829,E,Estimated value
OECDAM,OECD America,LANDF_SHARE,% Landfill,2013,2013,PC,Percentage,0,Units,,,55.828,E,Estimated value
OECDAM,OECD America,LANDF_SHARE,% Landfill,2014,2014,PC,Percentage,0,Units,,,55.678,E,Estimated value
OECDAM,OECD America,LANDF_SHARE,% Landfill,2015,2015,PC,Percentage,0,Units,,,56.117,E,Estimated value
OECDAM,OECD America,LANDF_SHARE,% Landfill,2016,2016,PC,Percentage,0,Units,,,55.939,E,Estimated value
OECDAM,OECD America,LANDF_SHARE,% Landfill,2017,2017,PC,Percentage,0,Units,,,55.881,E,Estimated value
OECDAM,OECD America,LANDF_SHARE,% Landfill,2018,2018,PC,Percentage,0,Units,,,56.649,E,Estimated value
OECDAM,OECD America,LANDF_SHARE,% Landfill,2019,2019,PC,Percentage,0,Units,,,56.631,E,Estimated value
OECDAM,OECD America,LANDF_SHARE,% Landfill,2020,2020,PC,Percentage,0,Units,,,56.63,E,Estimated value
